tx_id,client_id,firibgarlik,naqsh
T00058656,C00277,1,velocity
T00058657,C00277,1,velocity
T00058658,C00277,1,velocity
T00058659,C00277,1,velocity
T00058660,C00277,1,velocity
T00058661,C00277,1,velocity
T00058662,C00277,1,velocity
T00058663,C00277,1,velocity
T00058664,C00277,1,velocity
T00058665,C00277,1,velocity
T00058666,C00277,1,velocity
T00058667,C00277,1,velocity
T00058668,C00161,1,velocity
T00058669,C00161,1,velocity
T00058670,C00161,1,velocity
T00058671,C00161,1,velocity
T00058672,C00161,1,velocity
T00058673,C00161,1,velocity
T00058674,C00161,1,velocity
T00058675,C00161,1,velocity
T00058676,C00161,1,velocity
T00058677,C00161,1,velocity
T00058678,C00161,1,velocity
T00058679,C00386,1,velocity
T00058680,C00386,1,velocity
T00058681,C00386,1,velocity
T00058682,C00386,1,velocity
T00058683,C00386,1,velocity
T00058684,C00386,1,velocity
T00058685,C00386,1,velocity
T00058686,C00386,1,velocity
T00058687,C00386,1,velocity
T00058688,C00343,1,velocity
T00058689,C00343,1,velocity
T00058690,C00343,1,velocity
T00058691,C00343,1,velocity
T00058692,C00343,1,velocity
T00058693,C00343,1,velocity
T00058694,C00343,1,velocity
T00058695,C00343,1,velocity
T00058696,C00343,1,velocity
T00058697,C00343,1,velocity
T00058698,C00343,1,velocity
T00058699,C00343,1,velocity
T00058700,C00343,1,velocity
T00058701,C00275,1,velocity
T00058702,C00275,1,velocity
T00058703,C00275,1,velocity
T00058704,C00275,1,velocity
T00058705,C00275,1,velocity
T00058706,C00275,1,velocity
T00058707,C00275,1,velocity
T00058708,C00275,1,velocity
T00058709,C00275,1,velocity
T00058710,C00275,1,velocity
T00058711,C00275,1,velocity
T00058712,C00275,1,velocity
T00058713,C00426,1,velocity
T00058714,C00426,1,velocity
T00058715,C00426,1,velocity
T00058716,C00426,1,velocity
T00058717,C00426,1,velocity
T00058718,C00426,1,velocity
T00058719,C00426,1,velocity
T00058720,C00426,1,velocity
T00058721,C00426,1,velocity
T00058722,C00426,1,velocity
T00058723,C00426,1,velocity
T00058724,C00353,1,velocity
T00058725,C00353,1,velocity
T00058726,C00353,1,velocity
T00058727,C00353,1,velocity
T00058728,C00353,1,velocity
T00058729,C00353,1,velocity
T00058730,C00353,1,velocity
T00058731,C00353,1,velocity
T00058732,C00353,1,velocity
T00058733,C00353,1,velocity
T00058734,C00353,1,velocity
T00058735,C00353,1,velocity
T00058736,C00353,1,velocity
T00058737,C00353,1,velocity
T00058738,C00435,1,velocity
T00058739,C00435,1,velocity
T00058740,C00435,1,velocity
T00058741,C00435,1,velocity
T00058742,C00435,1,velocity
T00058743,C00435,1,velocity
T00058744,C00435,1,velocity
T00058745,C00435,1,velocity
T00058746,C00435,1,velocity
T00058747,C00435,1,velocity
T00058748,C00435,1,velocity
T00058749,C00435,1,velocity
T00058750,C00435,1,velocity
T00058752,C00346,1,geo_impossible
T00058754,C00171,1,geo_impossible
T00058756,C00043,1,geo_impossible
T00058758,C00099,1,geo_impossible
T00058760,C00348,1,geo_impossible
T00058762,C00119,1,geo_impossible
T00058764,C00123,1,geo_impossible
T00058765,C00503,1,card_testing
T00058766,C00503,1,card_testing
T00058767,C00503,1,card_testing
T00058768,C00503,1,card_testing
T00058769,C00503,1,card_testing
T00058770,C00503,1,card_testing
T00058771,C00253,1,card_testing
T00058772,C00253,1,card_testing
T00058773,C00253,1,card_testing
T00058774,C00253,1,card_testing
T00058775,C00253,1,card_testing
T00058776,C00452,1,card_testing
T00058777,C00452,1,card_testing
T00058778,C00452,1,card_testing
T00058779,C00452,1,card_testing
T00058780,C00452,1,card_testing
T00058781,C00452,1,card_testing
T00058782,C00050,1,card_testing
T00058783,C00050,1,card_testing
T00058784,C00050,1,card_testing
T00058785,C00050,1,card_testing
T00058786,C00050,1,card_testing
T00058787,C00050,1,card_testing
T00058788,C00050,1,card_testing
T00058789,C00050,1,card_testing
T00058790,C00050,1,card_testing
T00058791,C00058,1,card_testing
T00058792,C00058,1,card_testing
T00058793,C00058,1,card_testing
T00058794,C00058,1,card_testing
T00058795,C00058,1,card_testing
T00058796,C00024,1,card_testing
T00058797,C00024,1,card_testing
T00058798,C00024,1,card_testing
T00058799,C00024,1,card_testing
T00058800,C00024,1,card_testing
T00058801,C00024,1,card_testing
T00058802,C00024,1,card_testing
T00058803,C00024,1,card_testing
T00058804,C00384,1,card_testing
T00058805,C00384,1,card_testing
T00058806,C00384,1,card_testing
T00058807,C00384,1,card_testing
T00058808,C00384,1,card_testing
T00058809,C00384,1,card_testing
T00058810,C00384,1,card_testing
T00058811,C00384,1,card_testing
T00058812,C00178,1,amount_anomaly
T00058813,C00174,1,amount_anomaly
T00058814,C00446,1,amount_anomaly
T00058815,C00369,1,amount_anomaly
T00058816,C00340,1,amount_anomaly
T00058817,C00282,1,amount_anomaly
T00058818,C00140,1,amount_anomaly
T00058819,C00495,1,cold_start
T00058820,C00495,1,cold_start
T00058821,C00495,1,cold_start
T00058822,C00495,1,cold_start
T00058823,C00495,1,cold_start
T00058824,C00425,1,cold_start
T00058825,C00425,1,cold_start
T00058826,C00425,1,cold_start
T00058827,C00333,1,cold_start
T00058828,C00333,1,cold_start
T00058829,C00333,1,cold_start
T00058830,C00333,1,cold_start
T00058831,C00393,1,cold_start
T00058832,C00393,1,cold_start
T00058833,C00393,1,cold_start
T00058834,C00393,1,cold_start
T00058835,C00393,1,cold_start
T00058836,C00081,1,ring
T00058837,C00015,1,ring
T00058838,C00011,1,ring
T00058839,C00402,1,ring
T00058840,C00012,1,ring
T00058841,C00082,1,ring
T00058842,C00315,1,ring
T00058843,C00007,1,ring
T00058844,C00176,1,ring
T00058845,C00406,1,ring
T00058846,C00361,1,ring
T00058847,C00326,1,ring
T00058848,C00087,1,ring
T00058849,C00292,1,ring
T00058850,C00425,1,ring
T00058851,C00492,1,ring
T00058852,C00116,1,ring
T00058853,C00308,1,ring
T00058854,C00343,1,ring
T00058855,C00169,1,ring
T00058856,C00193,1,ring
T00058857,C00310,1,ring
T00058858,C00303,1,ring
T00058859,C00192,1,ring
T00058860,C00292,1,ring
T00058861,C00206,1,ring
T00058862,C00123,1,ring
T00058863,C00290,1,ring
