card_id,client_id,turi,valyuta,ochilgan_sana,kunlik_limit
K000001,C00001,VISA,UZS,2019-10-07,20000000
K000002,C00002,UZCARD,UZS,2022-04-19,20000000
K000003,C00003,HUMO,UZS,2023-10-03,5000000
K000004,C00004,UZCARD,UZS,2026-03-21,20000000
K000005,C00005,MASTERCARD,UZS,2021-03-14,5000000
K000006,C00005,MASTERCARD,UZS,2021-04-08,50000000
K000007,C00006,HUMO,UZS,2026-03-02,50000000
K000008,C00006,UZCARD,UZS,2026-03-21,5000000
K000009,C00006,UZCARD,UZS,2026-04-01,50000000
K000010,C00007,HUMO,UZS,2020-01-03,10000000
K000011,C00008,HUMO,UZS,2022-01-02,20000000
K000012,C00008,UZCARD,UZS,2022-01-29,50000000
K000013,C00009,UZCARD,UZS,2026-03-28,20000000
K000014,C00010,HUMO,UZS,2019-09-13,5000000
K000015,C00011,UZCARD,UZS,2019-08-24,10000000
K000016,C00012,HUMO,UZS,2026-04-04,10000000
K000017,C00012,HUMO,UZS,2026-03-18,5000000
K000018,C00013,HUMO,UZS,2020-11-08,10000000
K000019,C00014,HUMO,UZS,2022-04-14,20000000
K000020,C00015,HUMO,UZS,2023-08-09,10000000
K000021,C00016,MASTERCARD,UZS,2020-10-23,5000000
K000022,C00017,UZCARD,UZS,2020-09-06,5000000
K000023,C00017,UZCARD,UZS,2020-08-25,10000000
K000024,C00018,VISA,UZS,2022-02-04,50000000
K000025,C00018,HUMO,UZS,2022-02-17,20000000
K000026,C00018,UZCARD,UZS,2022-02-02,50000000
K000027,C00019,HUMO,UZS,2019-05-27,5000000
K000028,C00019,HUMO,UZS,2019-06-08,10000000
K000029,C00020,UZCARD,USD,2025-06-12,50000000
K000030,C00021,VISA,UZS,2019-09-22,5000000
K000031,C00021,VISA,UZS,2019-10-18,10000000
K000032,C00022,HUMO,UZS,2020-11-22,5000000
K000033,C00022,MASTERCARD,UZS,2020-10-22,50000000
K000034,C00023,HUMO,USD,2020-04-22,20000000
K000035,C00023,UZCARD,UZS,2020-04-10,10000000
K000036,C00024,UZCARD,UZS,2024-03-26,10000000
K000037,C00025,UZCARD,UZS,2026-03-04,50000000
K000038,C00025,MASTERCARD,UZS,2026-03-13,20000000
K000039,C00025,HUMO,UZS,2026-03-22,20000000
K000040,C00026,HUMO,UZS,2025-02-22,5000000
K000041,C00026,HUMO,UZS,2025-01-10,50000000
K000042,C00027,HUMO,UZS,2026-03-31,50000000
K000043,C00028,UZCARD,UZS,2021-05-21,20000000
K000044,C00028,UZCARD,UZS,2021-05-14,5000000
K000045,C00029,HUMO,UZS,2022-08-17,20000000
K000046,C00029,VISA,UZS,2022-08-06,10000000
K000047,C00030,HUMO,UZS,2024-01-07,10000000
K000048,C00031,VISA,UZS,2026-03-13,10000000
K000049,C00032,HUMO,USD,2023-04-18,20000000
K000050,C00033,UZCARD,UZS,2024-04-09,50000000
K000051,C00034,VISA,UZS,2019-09-05,50000000
K000052,C00034,HUMO,USD,2019-07-15,5000000
K000053,C00034,HUMO,UZS,2019-08-15,20000000
K000054,C00035,UZCARD,UZS,2020-01-29,10000000
K000055,C00036,UZCARD,USD,2020-05-31,20000000
K000056,C00036,MASTERCARD,UZS,2020-07-04,5000000
K000057,C00036,UZCARD,UZS,2020-06-01,50000000
K000058,C00037,HUMO,USD,2025-04-24,5000000
K000059,C00037,HUMO,UZS,2025-04-03,50000000
K000060,C00038,HUMO,UZS,2021-05-24,50000000
K000061,C00038,VISA,USD,2021-05-12,10000000
K000062,C00039,UZCARD,UZS,2020-08-01,10000000
K000063,C00040,HUMO,USD,2019-11-18,50000000
K000064,C00041,UZCARD,UZS,2024-08-30,5000000
K000065,C00041,MASTERCARD,USD,2024-10-14,50000000
K000066,C00041,HUMO,UZS,2024-08-28,10000000
K000067,C00042,UZCARD,UZS,2020-10-03,50000000
K000068,C00042,MASTERCARD,UZS,2020-09-27,20000000
K000069,C00042,UZCARD,UZS,2020-10-25,50000000
K000070,C00043,UZCARD,UZS,2024-09-30,5000000
K000071,C00044,VISA,UZS,2026-04-03,5000000
K000072,C00044,UZCARD,UZS,2026-03-06,20000000
K000073,C00045,MASTERCARD,UZS,2022-09-29,50000000
K000074,C00046,VISA,USD,2022-06-20,20000000
K000075,C00046,UZCARD,UZS,2022-05-29,20000000
K000076,C00047,HUMO,UZS,2025-04-26,10000000
K000077,C00047,UZCARD,UZS,2025-04-09,5000000
K000078,C00048,UZCARD,UZS,2023-01-06,50000000
K000079,C00048,HUMO,UZS,2022-12-20,10000000
K000080,C00048,HUMO,UZS,2023-01-21,10000000
K000081,C00049,HUMO,UZS,2021-09-02,10000000
K000082,C00049,UZCARD,UZS,2021-09-13,20000000
K000083,C00050,MASTERCARD,UZS,2023-03-04,10000000
K000084,C00051,UZCARD,UZS,2020-07-22,10000000
K000085,C00052,MASTERCARD,USD,2020-03-29,5000000
K000086,C00053,UZCARD,UZS,2019-09-29,10000000
K000087,C00054,UZCARD,UZS,2020-10-13,20000000
K000088,C00054,UZCARD,UZS,2020-10-28,20000000
K000089,C00055,UZCARD,UZS,2023-10-18,5000000
K000090,C00055,HUMO,UZS,2023-11-05,10000000
K000091,C00056,MASTERCARD,UZS,2026-03-06,50000000
K000092,C00057,HUMO,UZS,2023-11-13,20000000
K000093,C00057,UZCARD,UZS,2023-11-11,5000000
K000094,C00058,HUMO,UZS,2020-09-18,10000000
K000095,C00059,VISA,UZS,2025-09-10,50000000
K000096,C00060,UZCARD,UZS,2025-05-29,10000000
K000097,C00061,UZCARD,UZS,2021-10-19,50000000
K000098,C00061,HUMO,UZS,2021-09-21,5000000
K000099,C00061,UZCARD,USD,2021-10-07,20000000
K000100,C00062,UZCARD,UZS,2020-10-03,5000000
K000101,C00063,UZCARD,UZS,2024-10-14,50000000
K000102,C00063,UZCARD,UZS,2024-09-05,20000000
K000103,C00064,UZCARD,USD,2020-07-20,5000000
K000104,C00065,VISA,UZS,2023-03-17,5000000
K000105,C00066,HUMO,UZS,2019-11-15,5000000
K000106,C00066,HUMO,UZS,2019-10-23,50000000
K000107,C00067,UZCARD,UZS,2021-10-01,5000000
K000108,C00068,UZCARD,UZS,2025-07-26,20000000
K000109,C00069,HUMO,UZS,2025-08-31,20000000
K000110,C00069,MASTERCARD,UZS,2025-08-28,10000000
K000111,C00069,UZCARD,USD,2025-07-31,50000000
K000112,C00070,HUMO,UZS,2025-07-13,10000000
K000113,C00070,HUMO,UZS,2025-07-31,10000000
K000114,C00070,UZCARD,UZS,2025-06-06,50000000
K000115,C00071,VISA,UZS,2023-05-18,50000000
K000116,C00071,HUMO,UZS,2023-06-14,10000000
K000117,C00071,HUMO,UZS,2023-06-28,50000000
K000118,C00072,VISA,UZS,2023-02-23,20000000
K000119,C00073,HUMO,UZS,2021-03-14,5000000
K000120,C00073,UZCARD,USD,2021-02-13,20000000
K000121,C00074,UZCARD,UZS,2023-10-12,20000000
K000122,C00075,HUMO,UZS,2019-07-06,10000000
K000123,C00076,HUMO,UZS,2021-05-24,50000000
K000124,C00076,VISA,UZS,2021-04-25,10000000
K000125,C00077,UZCARD,UZS,2019-06-10,5000000
K000126,C00078,VISA,UZS,2022-10-21,10000000
K000127,C00079,UZCARD,UZS,2024-11-18,50000000
K000128,C00079,UZCARD,USD,2024-12-15,20000000
K000129,C00080,VISA,UZS,2021-10-12,20000000
K000130,C00081,UZCARD,UZS,2024-02-27,5000000
K000131,C00081,UZCARD,UZS,2024-04-06,20000000
K000132,C00082,UZCARD,UZS,2025-01-25,50000000
K000133,C00083,VISA,UZS,2020-01-02,20000000
K000134,C00084,UZCARD,UZS,2020-12-30,50000000
K000135,C00084,MASTERCARD,UZS,2021-01-08,20000000
K000136,C00085,UZCARD,UZS,2025-06-11,10000000
K000137,C00085,MASTERCARD,UZS,2025-06-06,50000000
K000138,C00085,UZCARD,UZS,2025-06-03,50000000
K000139,C00086,UZCARD,UZS,2022-11-01,10000000
K000140,C00087,HUMO,UZS,2021-12-16,50000000
K000141,C00088,HUMO,USD,2025-03-05,10000000
K000142,C00089,VISA,USD,2024-02-29,50000000
K000143,C00090,HUMO,UZS,2024-07-12,10000000
K000144,C00091,UZCARD,UZS,2022-03-10,10000000
K000145,C00092,HUMO,UZS,2021-07-09,10000000
K000146,C00093,MASTERCARD,UZS,2024-05-14,5000000
K000147,C00094,HUMO,UZS,2022-09-11,50000000
K000148,C00095,UZCARD,UZS,2024-10-19,20000000
K000149,C00095,VISA,UZS,2024-09-25,10000000
K000150,C00096,UZCARD,UZS,2019-12-24,10000000
K000151,C00096,UZCARD,USD,2020-01-31,10000000
K000152,C00097,MASTERCARD,UZS,2023-07-01,50000000
K000153,C00097,UZCARD,UZS,2023-06-22,20000000
K000154,C00098,VISA,UZS,2022-07-23,50000000
K000155,C00099,UZCARD,UZS,2023-09-29,20000000
K000156,C00100,VISA,UZS,2020-11-14,20000000
K000157,C00101,UZCARD,UZS,2025-07-31,20000000
K000158,C00101,UZCARD,UZS,2025-07-09,20000000
K000159,C00102,UZCARD,USD,2022-01-28,20000000
K000160,C00102,HUMO,UZS,2022-02-08,20000000
K000161,C00103,VISA,UZS,2024-03-31,10000000
K000162,C00103,HUMO,UZS,2024-05-22,10000000
K000163,C00103,VISA,USD,2024-04-05,5000000
K000164,C00104,UZCARD,UZS,2021-05-04,10000000
K000165,C00105,UZCARD,UZS,2021-10-30,10000000
K000166,C00106,UZCARD,UZS,2021-12-24,50000000
K000167,C00106,HUMO,UZS,2021-12-03,5000000
K000168,C00106,UZCARD,UZS,2021-12-31,10000000
K000169,C00107,VISA,UZS,2024-02-21,5000000
K000170,C00108,UZCARD,UZS,2025-03-29,5000000
K000171,C00109,HUMO,UZS,2019-08-07,10000000
K000172,C00110,HUMO,UZS,2021-05-14,10000000
K000173,C00110,UZCARD,UZS,2021-06-08,20000000
K000174,C00111,UZCARD,USD,2023-01-27,50000000
K000175,C00112,HUMO,UZS,2021-01-30,5000000
K000176,C00113,HUMO,UZS,2024-04-28,50000000
K000177,C00114,VISA,UZS,2026-03-08,20000000
K000178,C00115,UZCARD,UZS,2023-12-22,20000000
K000179,C00116,HUMO,UZS,2023-09-07,10000000
K000180,C00116,UZCARD,UZS,2023-10-17,5000000
K000181,C00117,HUMO,UZS,2020-04-28,20000000
K000182,C00117,HUMO,UZS,2020-03-14,20000000
K000183,C00118,UZCARD,USD,2020-05-19,20000000
K000184,C00119,HUMO,USD,2022-07-15,10000000
K000185,C00120,HUMO,UZS,2023-11-24,50000000
K000186,C00120,MASTERCARD,UZS,2023-10-15,50000000
K000187,C00121,UZCARD,UZS,2019-06-06,50000000
K000188,C00122,HUMO,UZS,2019-08-13,10000000
K000189,C00122,HUMO,UZS,2019-09-08,5000000
K000190,C00123,VISA,UZS,2019-07-10,5000000
K000191,C00124,MASTERCARD,UZS,2021-06-03,20000000
K000192,C00125,HUMO,UZS,2020-09-06,5000000
K000193,C00126,HUMO,UZS,2026-04-01,50000000
K000194,C00126,HUMO,UZS,2026-03-10,50000000
K000195,C00127,UZCARD,UZS,2020-09-30,10000000
K000196,C00128,MASTERCARD,UZS,2021-12-19,50000000
K000197,C00129,HUMO,UZS,2025-07-30,10000000
K000198,C00130,HUMO,UZS,2026-03-05,5000000
K000199,C00131,UZCARD,UZS,2023-10-24,50000000
K000200,C00131,HUMO,UZS,2023-10-06,10000000
K000201,C00131,HUMO,UZS,2023-09-30,10000000
K000202,C00132,HUMO,UZS,2021-08-09,20000000
K000203,C00133,UZCARD,USD,2020-06-09,50000000
K000204,C00134,UZCARD,UZS,2023-04-26,50000000
K000205,C00135,UZCARD,UZS,2024-04-08,10000000
K000206,C00136,HUMO,UZS,2021-02-26,10000000
K000207,C00137,UZCARD,UZS,2025-03-19,10000000
K000208,C00138,UZCARD,UZS,2023-03-08,50000000
K000209,C00138,VISA,UZS,2023-02-23,5000000
K000210,C00139,UZCARD,USD,2023-12-23,10000000
K000211,C00139,UZCARD,UZS,2023-11-17,50000000
K000212,C00140,UZCARD,UZS,2024-05-17,10000000
K000213,C00140,VISA,UZS,2024-05-23,5000000
K000214,C00141,VISA,UZS,2023-03-21,50000000
K000215,C00142,MASTERCARD,UZS,2020-07-17,5000000
K000216,C00143,UZCARD,UZS,2021-09-26,5000000
K000217,C00143,HUMO,UZS,2021-08-29,50000000
K000218,C00144,UZCARD,UZS,2021-11-07,50000000
K000219,C00145,UZCARD,UZS,2019-08-02,5000000
K000220,C00146,UZCARD,UZS,2023-05-12,5000000
K000221,C00146,MASTERCARD,UZS,2023-05-19,10000000
K000222,C00147,HUMO,UZS,2021-04-01,5000000
K000223,C00147,HUMO,UZS,2021-05-03,5000000
K000224,C00148,UZCARD,USD,2026-03-13,50000000
K000225,C00149,VISA,USD,2020-08-25,5000000
K000226,C00149,UZCARD,UZS,2020-08-08,5000000
K000227,C00149,UZCARD,UZS,2020-07-19,10000000
K000228,C00150,MASTERCARD,UZS,2021-11-06,5000000
K000229,C00150,VISA,UZS,2021-11-12,10000000
K000230,C00151,MASTERCARD,UZS,2024-11-08,50000000
K000231,C00151,VISA,UZS,2024-11-13,50000000
K000232,C00152,HUMO,UZS,2024-02-16,20000000
K000233,C00152,UZCARD,UZS,2024-03-01,50000000
K000234,C00152,HUMO,UZS,2024-02-07,20000000
K000235,C00153,UZCARD,UZS,2020-07-28,10000000
K000236,C00154,HUMO,UZS,2024-11-03,50000000
K000237,C00155,UZCARD,UZS,2021-02-17,10000000
K000238,C00155,HUMO,UZS,2021-02-11,10000000
K000239,C00156,VISA,USD,2021-07-31,5000000
K000240,C00157,MASTERCARD,UZS,2026-02-16,20000000
K000241,C00158,UZCARD,UZS,2026-03-13,50000000
K000242,C00159,UZCARD,UZS,2023-09-07,20000000
K000243,C00159,HUMO,UZS,2023-08-16,10000000
K000244,C00159,UZCARD,UZS,2023-08-27,50000000
K000245,C00160,HUMO,USD,2025-05-29,50000000
K000246,C00160,HUMO,UZS,2025-05-29,20000000
K000247,C00161,UZCARD,UZS,2023-12-13,10000000
K000248,C00161,HUMO,UZS,2024-01-05,10000000
K000249,C00162,HUMO,UZS,2021-12-25,5000000
K000250,C00162,HUMO,UZS,2021-12-18,20000000
K000251,C00163,HUMO,UZS,2020-02-25,5000000
K000252,C00164,UZCARD,UZS,2022-10-26,5000000
K000253,C00164,HUMO,UZS,2022-10-10,5000000
K000254,C00165,UZCARD,UZS,2020-11-23,20000000
K000255,C00166,HUMO,UZS,2021-08-16,10000000
K000256,C00166,VISA,UZS,2021-09-04,10000000
K000257,C00167,HUMO,UZS,2021-09-17,50000000
K000258,C00167,HUMO,UZS,2021-09-09,10000000
K000259,C00168,HUMO,UZS,2021-03-20,5000000
K000260,C00168,UZCARD,UZS,2021-02-24,10000000
K000261,C00169,HUMO,UZS,2020-01-27,10000000
K000262,C00169,VISA,USD,2020-01-22,10000000
K000263,C00169,UZCARD,USD,2020-02-05,20000000
K000264,C00170,MASTERCARD,UZS,2019-06-12,50000000
K000265,C00170,HUMO,UZS,2019-07-15,20000000
K000266,C00170,HUMO,UZS,2019-07-20,5000000
K000267,C00171,UZCARD,UZS,2025-05-24,20000000
K000268,C00171,UZCARD,UZS,2025-05-07,50000000
K000269,C00172,HUMO,UZS,2026-03-30,50000000
K000270,C00173,UZCARD,UZS,2021-06-18,5000000
K000271,C00173,UZCARD,UZS,2021-07-05,50000000
K000272,C00173,MASTERCARD,USD,2021-07-29,20000000
K000273,C00174,HUMO,UZS,2021-03-04,20000000
K000274,C00174,UZCARD,UZS,2021-04-06,50000000
K000275,C00175,HUMO,UZS,2021-05-17,5000000
K000276,C00175,UZCARD,UZS,2021-05-26,50000000
K000277,C00176,MASTERCARD,UZS,2026-03-28,5000000
K000278,C00177,HUMO,UZS,2025-07-05,50000000
K000279,C00178,HUMO,USD,2020-07-31,10000000
K000280,C00178,VISA,UZS,2020-08-06,20000000
K000281,C00179,HUMO,UZS,2022-01-19,20000000
K000282,C00180,UZCARD,UZS,2023-03-30,5000000
K000283,C00181,HUMO,UZS,2024-03-02,50000000
K000284,C00181,VISA,UZS,2024-03-16,20000000
K000285,C00182,UZCARD,UZS,2024-02-11,20000000
K000286,C00183,UZCARD,USD,2024-04-12,20000000
K000287,C00184,MASTERCARD,UZS,2022-07-12,10000000
K000288,C00185,HUMO,UZS,2022-10-30,50000000
K000289,C00186,MASTERCARD,UZS,2023-03-01,10000000
K000290,C00187,VISA,USD,2021-01-14,5000000
K000291,C00187,UZCARD,UZS,2021-01-09,20000000
K000292,C00188,UZCARD,UZS,2021-01-30,5000000
K000293,C00188,UZCARD,UZS,2021-02-17,10000000
K000294,C00188,UZCARD,UZS,2021-02-15,10000000
K000295,C00189,HUMO,UZS,2022-02-08,5000000
K000296,C00190,HUMO,UZS,2024-09-06,50000000
K000297,C00191,UZCARD,UZS,2022-04-27,10000000
K000298,C00192,VISA,UZS,2020-04-16,5000000
K000299,C00192,UZCARD,UZS,2020-04-07,5000000
K000300,C00193,HUMO,UZS,2025-06-21,50000000
K000301,C00193,UZCARD,UZS,2025-07-08,10000000
K000302,C00193,HUMO,UZS,2025-07-13,50000000
K000303,C00194,HUMO,UZS,2026-02-26,5000000
K000304,C00194,HUMO,UZS,2026-01-24,5000000
K000305,C00194,UZCARD,UZS,2026-03-09,50000000
K000306,C00195,UZCARD,UZS,2022-10-08,50000000
K000307,C00196,UZCARD,UZS,2020-02-14,5000000
K000308,C00197,UZCARD,UZS,2024-12-05,5000000
K000309,C00198,UZCARD,UZS,2022-04-29,20000000
K000310,C00198,UZCARD,USD,2022-03-24,5000000
K000311,C00198,UZCARD,UZS,2022-05-08,10000000
K000312,C00199,VISA,UZS,2019-09-28,20000000
K000313,C00199,HUMO,UZS,2019-10-27,20000000
K000314,C00200,VISA,USD,2023-12-25,50000000
K000315,C00201,HUMO,UZS,2026-02-18,5000000
K000316,C00202,UZCARD,UZS,2020-04-02,20000000
K000317,C00203,HUMO,UZS,2020-11-08,10000000
K000318,C00203,MASTERCARD,UZS,2020-10-16,50000000
K000319,C00203,VISA,UZS,2020-10-24,50000000
K000320,C00204,HUMO,UZS,2024-12-18,50000000
K000321,C00205,MASTERCARD,UZS,2021-11-06,10000000
K000322,C00206,MASTERCARD,UZS,2020-01-14,10000000
K000323,C00207,HUMO,UZS,2021-10-08,50000000
K000324,C00208,UZCARD,UZS,2024-03-09,5000000
K000325,C00209,HUMO,UZS,2026-02-22,50000000
K000326,C00210,HUMO,UZS,2022-07-22,10000000
K000327,C00211,MASTERCARD,UZS,2020-06-02,50000000
K000328,C00212,HUMO,UZS,2020-10-04,20000000
K000329,C00212,HUMO,UZS,2020-09-10,5000000
K000330,C00212,MASTERCARD,UZS,2020-09-21,10000000
K000331,C00213,VISA,USD,2019-08-06,20000000
K000332,C00213,HUMO,UZS,2019-08-01,5000000
K000333,C00214,HUMO,UZS,2021-06-03,50000000
K000334,C00215,UZCARD,UZS,2021-03-26,10000000
K000335,C00215,VISA,UZS,2021-04-19,5000000
K000336,C00216,UZCARD,UZS,2025-05-24,10000000
K000337,C00217,UZCARD,UZS,2024-08-13,10000000
K000338,C00218,UZCARD,UZS,2022-03-06,50000000
K000339,C00218,HUMO,UZS,2022-02-02,20000000
K000340,C00219,UZCARD,UZS,2021-11-07,10000000
K000341,C00220,HUMO,UZS,2022-12-23,10000000
K000342,C00220,UZCARD,UZS,2023-01-07,10000000
K000343,C00221,UZCARD,UZS,2020-03-25,20000000
K000344,C00222,MASTERCARD,UZS,2023-05-20,50000000
K000345,C00223,UZCARD,USD,2023-09-10,10000000
K000346,C00224,UZCARD,USD,2023-02-08,20000000
K000347,C00225,HUMO,UZS,2025-08-01,50000000
K000348,C00226,VISA,UZS,2021-07-05,10000000
K000349,C00227,HUMO,UZS,2021-10-22,10000000
K000350,C00228,HUMO,UZS,2024-10-08,20000000
K000351,C00229,HUMO,UZS,2024-12-17,50000000
K000352,C00229,HUMO,UZS,2024-12-25,5000000
K000353,C00230,UZCARD,UZS,2022-12-11,5000000
K000354,C00230,UZCARD,UZS,2022-12-20,5000000
K000355,C00231,HUMO,UZS,2023-10-19,5000000
K000356,C00232,HUMO,UZS,2022-01-20,10000000
K000357,C00233,MASTERCARD,UZS,2024-12-10,50000000
K000358,C00233,HUMO,UZS,2024-11-14,50000000
K000359,C00234,UZCARD,UZS,2024-02-28,20000000
K000360,C00234,HUMO,UZS,2024-02-10,20000000
K000361,C00234,HUMO,UZS,2024-03-29,50000000
K000362,C00235,HUMO,UZS,2023-07-31,50000000
K000363,C00236,MASTERCARD,UZS,2024-02-26,5000000
K000364,C00237,HUMO,UZS,2020-07-07,5000000
K000365,C00238,UZCARD,UZS,2024-01-09,5000000
K000366,C00239,UZCARD,UZS,2021-02-20,10000000
K000367,C00240,HUMO,UZS,2019-12-16,10000000
K000368,C00240,VISA,UZS,2019-11-10,20000000
K000369,C00240,UZCARD,UZS,2019-11-20,50000000
K000370,C00241,MASTERCARD,UZS,2023-12-01,5000000
K000371,C00242,UZCARD,UZS,2026-03-18,50000000
K000372,C00242,UZCARD,UZS,2026-02-23,20000000
K000373,C00243,UZCARD,UZS,2021-02-20,50000000
K000374,C00243,HUMO,UZS,2021-01-12,20000000
K000375,C00244,UZCARD,UZS,2024-09-28,50000000
K000376,C00245,UZCARD,UZS,2023-03-13,5000000
K000377,C00246,HUMO,UZS,2021-07-27,10000000
K000378,C00246,HUMO,USD,2021-07-10,50000000
K000379,C00247,HUMO,UZS,2023-08-12,50000000
K000380,C00248,UZCARD,UZS,2024-06-05,50000000
K000381,C00249,UZCARD,UZS,2025-07-14,10000000
K000382,C00250,UZCARD,UZS,2021-10-31,10000000
K000383,C00251,MASTERCARD,USD,2021-04-25,5000000
K000384,C00252,HUMO,UZS,2021-04-16,50000000
K000385,C00253,HUMO,UZS,2026-02-18,50000000
K000386,C00254,HUMO,UZS,2024-08-30,50000000
K000387,C00255,HUMO,UZS,2026-01-24,5000000
K000388,C00256,UZCARD,UZS,2021-07-21,50000000
K000389,C00256,HUMO,UZS,2021-07-09,10000000
K000390,C00257,VISA,USD,2019-10-21,5000000
K000391,C00257,HUMO,UZS,2019-09-18,5000000
K000392,C00258,UZCARD,UZS,2022-01-26,5000000
K000393,C00258,HUMO,UZS,2022-01-04,50000000
K000394,C00259,UZCARD,USD,2022-06-17,5000000
K000395,C00259,HUMO,UZS,2022-05-11,5000000
K000396,C00259,UZCARD,UZS,2022-05-22,50000000
K000397,C00260,VISA,UZS,2020-05-01,5000000
K000398,C00261,MASTERCARD,UZS,2025-03-15,10000000
K000399,C00261,VISA,UZS,2025-02-04,50000000
K000400,C00262,HUMO,USD,2025-07-02,50000000
K000401,C00263,HUMO,UZS,2023-10-11,10000000
K000402,C00264,VISA,UZS,2020-08-11,50000000
K000403,C00264,HUMO,UZS,2020-10-01,5000000
K000404,C00265,HUMO,UZS,2024-03-15,20000000
K000405,C00266,VISA,UZS,2026-02-26,20000000
K000406,C00266,HUMO,UZS,2026-04-08,50000000
K000407,C00267,UZCARD,UZS,2024-11-07,5000000
K000408,C00268,HUMO,UZS,2024-10-21,50000000
K000409,C00268,MASTERCARD,UZS,2024-09-14,10000000
K000410,C00269,UZCARD,UZS,2026-03-02,5000000
K000411,C00270,UZCARD,UZS,2019-12-03,5000000
K000412,C00270,HUMO,UZS,2019-12-07,20000000
K000413,C00271,HUMO,UZS,2022-07-21,20000000
K000414,C00272,UZCARD,UZS,2026-02-12,10000000
K000415,C00273,UZCARD,UZS,2020-03-22,20000000
K000416,C00274,HUMO,UZS,2021-07-08,10000000
K000417,C00274,HUMO,UZS,2021-07-28,50000000
K000418,C00275,MASTERCARD,UZS,2020-04-10,10000000
K000419,C00276,VISA,UZS,2020-04-07,10000000
K000420,C00276,UZCARD,UZS,2020-03-30,20000000
K000421,C00277,UZCARD,USD,2020-03-14,5000000
K000422,C00277,UZCARD,UZS,2020-03-19,10000000
K000423,C00278,VISA,USD,2020-10-24,50000000
K000424,C00279,MASTERCARD,UZS,2022-07-20,20000000
K000425,C00280,HUMO,UZS,2025-09-14,20000000
K000426,C00280,UZCARD,UZS,2025-08-14,5000000
K000427,C00281,HUMO,UZS,2023-07-10,20000000
K000428,C00282,VISA,UZS,2022-05-25,10000000
K000429,C00283,UZCARD,UZS,2024-11-15,20000000
K000430,C00284,HUMO,UZS,2022-05-14,50000000
K000431,C00285,HUMO,UZS,2021-06-05,50000000
K000432,C00285,UZCARD,UZS,2021-06-09,50000000
K000433,C00286,HUMO,UZS,2022-10-28,10000000
K000434,C00287,UZCARD,UZS,2021-08-10,50000000
K000435,C00288,HUMO,UZS,2026-02-20,10000000
K000436,C00288,MASTERCARD,UZS,2026-02-11,50000000
K000437,C00289,HUMO,UZS,2022-05-18,50000000
K000438,C00290,VISA,UZS,2020-01-30,10000000
K000439,C00290,UZCARD,UZS,2020-01-04,10000000
K000440,C00290,UZCARD,UZS,2020-01-21,10000000
K000441,C00291,UZCARD,UZS,2020-06-08,20000000
K000442,C00292,UZCARD,UZS,2022-08-26,5000000
K000443,C00293,UZCARD,UZS,2023-09-24,5000000
K000444,C00294,UZCARD,UZS,2023-03-10,20000000
K000445,C00294,UZCARD,UZS,2023-03-23,50000000
K000446,C00294,VISA,UZS,2023-03-09,20000000
K000447,C00295,HUMO,UZS,2020-09-17,5000000
K000448,C00295,UZCARD,UZS,2020-08-30,10000000
K000449,C00296,HUMO,UZS,2024-10-02,20000000
K000450,C00296,HUMO,UZS,2024-08-07,5000000
K000451,C00297,VISA,UZS,2019-08-26,10000000
K000452,C00298,HUMO,UZS,2023-07-03,20000000
K000453,C00298,UZCARD,UZS,2023-08-02,10000000
K000454,C00298,UZCARD,UZS,2023-07-02,50000000
K000455,C00299,HUMO,UZS,2024-03-04,5000000
K000456,C00299,MASTERCARD,UZS,2024-02-24,10000000
K000457,C00300,UZCARD,UZS,2023-10-22,10000000
K000458,C00301,UZCARD,UZS,2021-02-17,20000000
K000459,C00301,HUMO,UZS,2021-01-29,20000000
K000460,C00301,MASTERCARD,UZS,2021-03-21,50000000
K000461,C00302,UZCARD,UZS,2019-07-05,50000000
K000462,C00303,HUMO,UZS,2024-06-29,20000000
K000463,C00303,HUMO,UZS,2024-05-05,5000000
K000464,C00304,HUMO,UZS,2019-11-11,5000000
K000465,C00305,UZCARD,UZS,2023-06-01,20000000
K000466,C00306,HUMO,UZS,2025-05-04,50000000
K000467,C00307,HUMO,UZS,2020-10-13,50000000
K000468,C00308,VISA,UZS,2026-01-31,5000000
K000469,C00309,MASTERCARD,USD,2021-04-01,10000000
K000470,C00309,UZCARD,UZS,2021-03-19,20000000
K000471,C00309,UZCARD,UZS,2021-03-19,20000000
K000472,C00310,HUMO,USD,2026-04-23,50000000
K000473,C00311,UZCARD,UZS,2020-05-10,50000000
K000474,C00312,HUMO,UZS,2025-05-18,5000000
K000475,C00312,HUMO,UZS,2025-05-12,10000000
K000476,C00313,HUMO,UZS,2024-10-25,10000000
K000477,C00313,UZCARD,UZS,2024-10-23,20000000
K000478,C00314,HUMO,UZS,2021-07-02,10000000
K000479,C00315,UZCARD,UZS,2020-07-10,50000000
K000480,C00315,HUMO,UZS,2020-06-16,5000000
K000481,C00316,UZCARD,UZS,2021-05-05,50000000
K000482,C00317,UZCARD,UZS,2025-04-05,20000000
K000483,C00318,HUMO,UZS,2021-08-27,5000000
K000484,C00319,UZCARD,UZS,2019-11-27,5000000
K000485,C00320,HUMO,UZS,2022-03-07,5000000
K000486,C00321,VISA,UZS,2021-02-15,20000000
K000487,C00321,HUMO,UZS,2021-02-13,10000000
K000488,C00322,HUMO,UZS,2021-03-23,20000000
K000489,C00323,UZCARD,UZS,2021-09-20,5000000
K000490,C00323,UZCARD,UZS,2021-10-20,50000000
K000491,C00323,VISA,UZS,2021-10-09,20000000
K000492,C00324,UZCARD,UZS,2024-03-19,50000000
K000493,C00324,MASTERCARD,UZS,2024-03-15,20000000
K000494,C00325,UZCARD,UZS,2021-03-11,5000000
K000495,C00326,UZCARD,UZS,2020-01-14,50000000
K000496,C00327,HUMO,UZS,2020-03-13,20000000
K000497,C00328,HUMO,UZS,2025-08-11,10000000
K000498,C00328,MASTERCARD,UZS,2025-08-24,5000000
K000499,C00328,UZCARD,UZS,2025-09-22,50000000
K000500,C00329,UZCARD,UZS,2022-03-21,5000000
K000501,C00329,UZCARD,UZS,2022-03-03,20000000
K000502,C00330,UZCARD,UZS,2019-11-22,5000000
K000503,C00331,VISA,UZS,2024-10-11,5000000
K000504,C00332,UZCARD,USD,2023-07-29,5000000
K000505,C00333,HUMO,UZS,2023-05-08,20000000
K000506,C00334,UZCARD,UZS,2019-09-01,5000000
K000507,C00335,MASTERCARD,UZS,2022-11-07,20000000
K000508,C00336,UZCARD,UZS,2025-08-02,5000000
K000509,C00337,UZCARD,UZS,2025-01-16,50000000
K000510,C00337,UZCARD,UZS,2025-01-21,20000000
K000511,C00338,HUMO,UZS,2020-09-22,50000000
K000512,C00339,UZCARD,UZS,2024-12-30,5000000
K000513,C00340,HUMO,UZS,2025-03-02,5000000
K000514,C00341,HUMO,UZS,2020-10-10,20000000
K000515,C00342,HUMO,USD,2022-10-12,20000000
K000516,C00343,HUMO,UZS,2025-09-02,5000000
K000517,C00343,HUMO,UZS,2025-07-14,50000000
K000518,C00344,HUMO,UZS,2023-05-09,20000000
K000519,C00344,UZCARD,UZS,2023-04-02,20000000
K000520,C00344,UZCARD,UZS,2023-05-05,5000000
K000521,C00345,HUMO,USD,2023-05-29,5000000
K000522,C00346,HUMO,UZS,2023-09-22,50000000
K000523,C00347,MASTERCARD,UZS,2019-11-11,10000000
K000524,C00347,HUMO,UZS,2019-11-18,5000000
K000525,C00348,UZCARD,UZS,2020-07-28,50000000
K000526,C00349,UZCARD,UZS,2024-01-23,20000000
K000527,C00349,HUMO,UZS,2024-01-18,20000000
K000528,C00350,HUMO,UZS,2025-03-18,20000000
K000529,C00350,HUMO,UZS,2025-03-16,5000000
K000530,C00351,UZCARD,UZS,2021-06-14,20000000
K000531,C00352,MASTERCARD,USD,2025-05-16,20000000
K000532,C00353,HUMO,UZS,2019-08-21,20000000
K000533,C00354,HUMO,UZS,2022-08-25,20000000
K000534,C00355,MASTERCARD,UZS,2021-10-01,10000000
K000535,C00356,VISA,UZS,2024-10-30,10000000
K000536,C00357,UZCARD,UZS,2025-04-13,20000000
K000537,C00358,HUMO,UZS,2022-07-10,10000000
K000538,C00358,VISA,UZS,2022-08-02,10000000
K000539,C00358,HUMO,UZS,2022-07-04,10000000
K000540,C00359,HUMO,UZS,2025-08-17,20000000
K000541,C00360,HUMO,UZS,2022-06-08,10000000
K000542,C00360,UZCARD,UZS,2022-06-23,20000000
K000543,C00360,HUMO,UZS,2022-08-03,50000000
K000544,C00361,UZCARD,UZS,2023-11-30,10000000
K000545,C00361,UZCARD,UZS,2023-11-14,5000000
K000546,C00362,HUMO,UZS,2025-07-24,20000000
K000547,C00363,UZCARD,UZS,2020-05-15,50000000
K000548,C00364,HUMO,UZS,2024-07-27,10000000
K000549,C00364,HUMO,UZS,2024-06-30,5000000
K000550,C00365,UZCARD,UZS,2019-10-10,20000000
K000551,C00366,VISA,UZS,2026-02-07,10000000
K000552,C00366,MASTERCARD,USD,2026-02-26,5000000
K000553,C00367,UZCARD,UZS,2019-12-04,5000000
K000554,C00368,VISA,UZS,2020-07-31,20000000
K000555,C00369,UZCARD,UZS,2024-11-19,5000000
K000556,C00370,UZCARD,UZS,2024-03-10,5000000
K000557,C00371,HUMO,UZS,2025-08-15,5000000
K000558,C00371,UZCARD,UZS,2025-08-22,5000000
K000559,C00372,VISA,UZS,2024-03-08,5000000
K000560,C00373,MASTERCARD,UZS,2026-03-06,5000000
K000561,C00374,UZCARD,UZS,2021-08-22,5000000
K000562,C00375,UZCARD,UZS,2020-12-28,20000000
K000563,C00376,VISA,UZS,2024-06-02,10000000
K000564,C00376,HUMO,USD,2024-06-25,5000000
K000565,C00377,UZCARD,UZS,2022-01-03,10000000
K000566,C00378,UZCARD,UZS,2024-06-22,5000000
K000567,C00379,HUMO,UZS,2022-09-19,5000000
K000568,C00380,MASTERCARD,UZS,2020-03-04,50000000
K000569,C00381,UZCARD,UZS,2024-11-11,5000000
K000570,C00382,HUMO,UZS,2025-04-30,20000000
K000571,C00382,HUMO,UZS,2025-05-06,50000000
K000572,C00383,VISA,USD,2023-07-31,50000000
K000573,C00383,VISA,UZS,2023-06-12,50000000
K000574,C00384,VISA,UZS,2019-06-23,20000000
K000575,C00384,VISA,UZS,2019-07-19,50000000
K000576,C00385,UZCARD,UZS,2019-09-04,5000000
K000577,C00385,UZCARD,UZS,2019-08-04,50000000
K000578,C00386,HUMO,UZS,2019-07-04,10000000
K000579,C00386,MASTERCARD,UZS,2019-06-20,10000000
K000580,C00387,UZCARD,UZS,2024-01-22,20000000
K000581,C00387,UZCARD,UZS,2024-01-26,20000000
K000582,C00388,VISA,USD,2024-03-12,50000000
K000583,C00388,HUMO,UZS,2024-02-14,50000000
K000584,C00388,HUMO,UZS,2024-02-10,5000000
K000585,C00389,VISA,UZS,2023-10-17,5000000
K000586,C00390,HUMO,UZS,2023-12-04,5000000
K000587,C00391,HUMO,UZS,2019-05-25,20000000
K000588,C00391,HUMO,UZS,2019-06-01,10000000
K000589,C00392,MASTERCARD,UZS,2020-01-15,10000000
K000590,C00393,MASTERCARD,UZS,2020-02-05,50000000
K000591,C00394,HUMO,UZS,2021-11-24,50000000
K000592,C00395,VISA,USD,2021-04-01,5000000
K000593,C00396,MASTERCARD,UZS,2025-04-04,50000000
K000594,C00396,UZCARD,UZS,2025-04-15,50000000
K000595,C00397,UZCARD,UZS,2019-06-12,20000000
K000596,C00397,UZCARD,UZS,2019-08-08,20000000
K000597,C00398,UZCARD,UZS,2023-03-08,50000000
K000598,C00399,HUMO,UZS,2019-08-27,50000000
K000599,C00400,HUMO,UZS,2024-08-21,50000000
K000600,C00400,MASTERCARD,UZS,2024-07-25,20000000
K000601,C00401,HUMO,UZS,2024-07-25,10000000
K000602,C00402,UZCARD,UZS,2020-08-23,10000000
K000603,C00402,UZCARD,UZS,2020-09-29,50000000
K000604,C00403,UZCARD,UZS,2024-09-24,50000000
K000605,C00404,HUMO,UZS,2020-06-06,50000000
K000606,C00404,VISA,UZS,2020-06-01,50000000
K000607,C00405,UZCARD,UZS,2022-09-06,50000000
K000608,C00405,VISA,UZS,2022-09-02,50000000
K000609,C00405,HUMO,UZS,2022-10-11,20000000
K000610,C00406,MASTERCARD,UZS,2025-02-28,10000000
K000611,C00407,HUMO,UZS,2019-05-20,5000000
K000612,C00407,VISA,UZS,2019-05-18,5000000
K000613,C00408,HUMO,UZS,2023-05-24,50000000
K000614,C00408,UZCARD,UZS,2023-04-22,50000000
K000615,C00409,UZCARD,UZS,2022-10-28,50000000
K000616,C00409,VISA,UZS,2022-10-14,10000000
K000617,C00410,HUMO,UZS,2024-11-23,20000000
K000618,C00410,HUMO,UZS,2024-11-08,50000000
K000619,C00411,HUMO,USD,2023-07-07,20000000
K000620,C00412,UZCARD,UZS,2021-03-22,50000000
K000621,C00412,VISA,UZS,2021-03-08,5000000
K000622,C00413,UZCARD,UZS,2025-05-27,5000000
K000623,C00414,MASTERCARD,UZS,2024-03-13,10000000
K000624,C00415,UZCARD,UZS,2026-04-04,50000000
K000625,C00415,HUMO,UZS,2026-04-14,10000000
K000626,C00415,HUMO,USD,2026-02-26,5000000
K000627,C00416,UZCARD,USD,2023-12-15,50000000
K000628,C00416,MASTERCARD,UZS,2023-12-31,50000000
K000629,C00417,HUMO,UZS,2020-05-09,10000000
K000630,C00418,UZCARD,UZS,2026-03-17,10000000
K000631,C00419,MASTERCARD,UZS,2020-03-24,10000000
K000632,C00420,HUMO,UZS,2019-11-12,20000000
K000633,C00421,VISA,UZS,2021-02-17,50000000
K000634,C00421,UZCARD,UZS,2021-04-08,50000000
K000635,C00422,UZCARD,UZS,2019-07-01,50000000
K000636,C00422,UZCARD,UZS,2019-07-12,50000000
K000637,C00423,HUMO,UZS,2023-10-20,10000000
K000638,C00423,UZCARD,UZS,2023-09-19,5000000
K000639,C00424,HUMO,UZS,2023-03-03,5000000
K000640,C00424,HUMO,UZS,2023-03-12,50000000
K000641,C00425,VISA,UZS,2023-10-24,50000000
K000642,C00425,VISA,UZS,2023-11-11,5000000
K000643,C00426,UZCARD,UZS,2024-11-28,20000000
K000644,C00426,VISA,UZS,2024-11-13,10000000
K000645,C00427,UZCARD,UZS,2020-06-28,10000000
K000646,C00427,HUMO,UZS,2020-06-15,10000000
K000647,C00428,HUMO,UZS,2022-10-14,50000000
K000648,C00429,UZCARD,UZS,2024-12-12,20000000
K000649,C00430,HUMO,UZS,2021-06-07,50000000
K000650,C00431,UZCARD,UZS,2020-10-14,50000000
K000651,C00431,UZCARD,UZS,2020-10-20,20000000
K000652,C00432,UZCARD,UZS,2023-07-28,50000000
K000653,C00432,UZCARD,UZS,2023-08-16,5000000
K000654,C00433,UZCARD,UZS,2024-08-06,5000000
K000655,C00434,HUMO,UZS,2023-08-24,20000000
K000656,C00434,HUMO,UZS,2023-09-19,5000000
K000657,C00435,HUMO,UZS,2021-05-13,5000000
K000658,C00436,UZCARD,UZS,2020-03-02,10000000
K000659,C00437,HUMO,UZS,2019-12-15,50000000
K000660,C00438,MASTERCARD,UZS,2019-09-24,5000000
K000661,C00438,UZCARD,UZS,2019-09-21,50000000
K000662,C00439,HUMO,UZS,2021-02-25,20000000
K000663,C00440,UZCARD,USD,2025-04-11,50000000
K000664,C00441,UZCARD,UZS,2023-11-29,10000000
K000665,C00441,MASTERCARD,UZS,2023-11-26,50000000
K000666,C00442,HUMO,UZS,2026-03-19,20000000
K000667,C00443,HUMO,UZS,2024-02-09,20000000
K000668,C00444,HUMO,UZS,2024-12-07,20000000
K000669,C00444,HUMO,UZS,2024-10-26,20000000
K000670,C00445,VISA,USD,2022-03-27,20000000
K000671,C00446,VISA,USD,2026-03-21,5000000
K000672,C00447,UZCARD,UZS,2020-09-26,20000000
K000673,C00447,UZCARD,UZS,2020-11-11,50000000
K000674,C00448,UZCARD,UZS,2022-03-22,10000000
K000675,C00449,HUMO,UZS,2024-11-17,5000000
K000676,C00449,HUMO,UZS,2024-11-22,20000000
K000677,C00449,HUMO,UZS,2024-11-07,20000000
K000678,C00450,HUMO,UZS,2026-03-20,50000000
K000679,C00450,HUMO,UZS,2026-03-23,5000000
K000680,C00451,VISA,USD,2021-12-29,50000000
K000681,C00451,UZCARD,UZS,2022-01-09,10000000
K000682,C00452,MASTERCARD,USD,2020-07-12,20000000
K000683,C00452,MASTERCARD,UZS,2020-07-12,20000000
K000684,C00453,MASTERCARD,UZS,2024-04-20,20000000
K000685,C00453,HUMO,UZS,2024-04-06,50000000
K000686,C00453,HUMO,UZS,2024-03-30,20000000
K000687,C00454,UZCARD,UZS,2024-11-04,20000000
K000688,C00455,HUMO,UZS,2022-01-17,50000000
K000689,C00456,UZCARD,UZS,2024-10-26,50000000
K000690,C00457,UZCARD,UZS,2025-01-24,10000000
K000691,C00457,HUMO,UZS,2024-11-30,5000000
K000692,C00458,MASTERCARD,UZS,2023-04-03,20000000
K000693,C00459,MASTERCARD,UZS,2025-01-10,5000000
K000694,C00460,UZCARD,UZS,2026-02-16,50000000
K000695,C00461,UZCARD,UZS,2019-07-27,20000000
K000696,C00462,UZCARD,UZS,2020-10-23,10000000
K000697,C00463,UZCARD,UZS,2021-11-10,20000000
K000698,C00464,HUMO,UZS,2023-12-09,5000000
K000699,C00465,VISA,UZS,2023-06-08,20000000
K000700,C00465,HUMO,UZS,2023-05-16,20000000
K000701,C00466,UZCARD,UZS,2019-11-01,20000000
K000702,C00467,UZCARD,UZS,2023-10-02,5000000
K000703,C00468,MASTERCARD,UZS,2019-11-17,50000000
K000704,C00469,HUMO,UZS,2020-01-05,5000000
K000705,C00469,MASTERCARD,UZS,2020-01-29,50000000
K000706,C00470,VISA,UZS,2021-07-27,20000000
K000707,C00470,MASTERCARD,UZS,2021-08-20,10000000
K000708,C00471,HUMO,UZS,2020-09-09,20000000
K000709,C00472,UZCARD,USD,2022-08-23,50000000
K000710,C00473,HUMO,UZS,2019-12-03,50000000
K000711,C00474,UZCARD,UZS,2024-10-17,5000000
K000712,C00475,VISA,USD,2024-10-14,50000000
K000713,C00475,HUMO,UZS,2024-11-20,5000000
K000714,C00476,HUMO,UZS,2023-05-27,10000000
K000715,C00476,UZCARD,UZS,2023-05-08,50000000
K000716,C00476,UZCARD,UZS,2023-05-18,5000000
K000717,C00477,HUMO,UZS,2023-09-10,10000000
K000718,C00478,HUMO,UZS,2021-06-29,5000000
K000719,C00479,MASTERCARD,UZS,2024-08-09,50000000
K000720,C00479,HUMO,UZS,2024-06-14,20000000
K000721,C00480,UZCARD,USD,2021-11-25,10000000
K000722,C00480,UZCARD,USD,2021-10-30,20000000
K000723,C00481,UZCARD,UZS,2023-04-26,10000000
K000724,C00482,UZCARD,UZS,2021-02-20,5000000
K000725,C00483,VISA,UZS,2021-07-24,10000000
K000726,C00484,HUMO,UZS,2020-07-25,10000000
K000727,C00484,HUMO,UZS,2020-07-25,10000000
K000728,C00485,VISA,UZS,2021-06-21,20000000
K000729,C00485,MASTERCARD,USD,2021-06-10,20000000
K000730,C00486,UZCARD,UZS,2020-01-05,5000000
K000731,C00486,VISA,UZS,2020-01-10,50000000
K000732,C00487,UZCARD,UZS,2022-01-02,10000000
K000733,C00487,UZCARD,UZS,2022-01-18,5000000
K000734,C00488,UZCARD,USD,2025-06-01,10000000
K000735,C00489,HUMO,UZS,2024-01-26,10000000
K000736,C00489,HUMO,UZS,2024-01-28,5000000
K000737,C00489,UZCARD,UZS,2023-12-11,5000000
K000738,C00490,UZCARD,UZS,2022-02-16,10000000
K000739,C00490,UZCARD,UZS,2022-03-01,5000000
K000740,C00491,MASTERCARD,UZS,2025-01-14,10000000
K000741,C00491,MASTERCARD,UZS,2025-02-05,10000000
K000742,C00492,MASTERCARD,UZS,2020-04-10,10000000
K000743,C00493,MASTERCARD,UZS,2021-03-20,10000000
K000744,C00493,VISA,UZS,2021-02-27,50000000
K000745,C00494,HUMO,UZS,2021-11-21,50000000
K000746,C00494,VISA,UZS,2021-11-23,50000000
K000747,C00495,VISA,UZS,2023-12-15,5000000
K000748,C00496,UZCARD,UZS,2026-03-25,5000000
K000749,C00497,HUMO,UZS,2024-08-15,50000000
K000750,C00498,UZCARD,UZS,2023-01-26,20000000
K000751,C00499,VISA,UZS,2026-03-20,50000000
K000752,C00500,VISA,UZS,2020-10-20,5000000
K000753,C00500,VISA,USD,2020-09-06,10000000
K000754,C00500,UZCARD,USD,2020-09-23,5000000
K000755,C00501,HUMO,UZS,2023-06-20,5000000
K000756,C00502,MASTERCARD,UZS,2021-01-11,20000000
K000757,C00503,VISA,UZS,2023-10-30,10000000
K000758,C00503,UZCARD,UZS,2023-12-14,50000000
K000759,C00504,UZCARD,UZS,2019-12-30,5000000
K000760,C00504,VISA,UZS,2020-01-12,20000000
K000761,C00505,HUMO,USD,2019-06-09,5000000
K000762,C00506,UZCARD,UZS,2020-04-13,10000000
K000763,C00507,UZCARD,UZS,2024-12-20,10000000
K000764,C00508,MASTERCARD,UZS,2021-01-04,20000000
K000765,C00508,UZCARD,UZS,2020-12-02,5000000
K000766,C00508,MASTERCARD,UZS,2020-12-20,10000000
K000767,C00509,UZCARD,UZS,2020-12-11,20000000
K000768,C00510,VISA,UZS,2024-10-31,10000000
K000769,C00510,UZCARD,UZS,2024-11-12,10000000
K000770,C00511,HUMO,UZS,2022-10-05,10000000
K000771,C00511,HUMO,USD,2022-11-24,20000000
K000772,C00512,UZCARD,UZS,2023-03-18,10000000
K000773,C00513,HUMO,UZS,2020-12-12,20000000
K000774,C00514,HUMO,USD,2020-02-15,20000000
K000775,C00514,UZCARD,UZS,2020-02-23,5000000
K000776,C00515,HUMO,UZS,2023-03-15,20000000
K000777,C00515,HUMO,UZS,2023-03-15,50000000
K000778,C00516,HUMO,UZS,2023-11-17,5000000
K000779,C00516,HUMO,USD,2023-11-04,10000000
K000780,C00517,HUMO,UZS,2023-06-12,10000000
K000781,C00517,UZCARD,UZS,2023-07-02,50000000
K000782,C00518,VISA,UZS,2024-09-03,10000000
K000783,C00519,MASTERCARD,UZS,2020-05-15,50000000
K000784,C00520,UZCARD,UZS,2019-12-16,20000000
K000785,C00521,UZCARD,USD,2026-03-22,20000000
K000786,C00521,HUMO,USD,2026-04-06,50000000
K000787,C00522,UZCARD,UZS,2024-05-09,5000000
K000788,C00523,VISA,UZS,2023-06-10,5000000
K000789,C00523,HUMO,UZS,2023-05-29,20000000
K000790,C00523,UZCARD,UZS,2023-05-12,10000000
K000791,C00524,HUMO,UZS,2021-02-08,10000000
K000792,C00525,HUMO,UZS,2020-10-31,50000000
K000793,C00526,UZCARD,UZS,2019-10-11,50000000
K000794,C00527,HUMO,UZS,2019-12-24,20000000
K000795,C00528,MASTERCARD,UZS,2023-12-25,50000000
K000796,C00529,VISA,UZS,2024-12-30,10000000
K000797,C00530,UZCARD,UZS,2021-03-21,5000000
K000798,C00531,UZCARD,USD,2022-01-08,10000000
K000799,C00532,UZCARD,UZS,2020-05-18,50000000
K000800,C00533,UZCARD,UZS,2019-08-30,20000000
K000801,C00534,HUMO,UZS,2024-02-01,5000000
K000802,C00535,UZCARD,UZS,2022-08-04,5000000
K000803,C00535,HUMO,USD,2022-06-28,20000000
K000804,C00536,UZCARD,UZS,2024-10-07,10000000
K000805,C00537,HUMO,UZS,2019-10-14,5000000
K000806,C00538,UZCARD,UZS,2023-07-23,10000000
K000807,C00539,VISA,UZS,2024-01-29,20000000
K000808,C00540,HUMO,UZS,2026-03-24,20000000
K000809,C00540,UZCARD,UZS,2026-02-12,10000000
