client_id,ism,jins,tugilgan_yil,viloyat,uy_shahri,ochilgan_sana,oylik_daromad,segment
C00001,Qodirov Sanjar,M,2004,Samarqand,Samarqand,2019-09-04,1974000,standart
C00002,Ismoilov Shuhrat,M,1997,Andijon,Toshkent,2022-04-08,8272000,yosh
C00003,Karimov Timur,M,1984,Xorazm,Andijon,2023-09-02,4758000,yosh
C00004,Jo'rayev Davron,M,1988,Surxondaryo,Namangan,2026-02-04,10211000,yosh
C00005,Egamberdiyev Mohira,F,1973,Qashqadaryo,Namangan,2021-02-27,5146000,standart
C00006,Ochilov Kamola,F,1994,Xorazm,Andijon,2026-02-03,2895000,standart
C00007,Saidov Nozima,F,1982,Toshkent,Samarqand,2019-11-28,1818000,yosh
C00008,Aliyev Zilola,F,1998,Xorazm,Toshkent,2021-11-30,4081000,standart
C00009,Nazarov Akmal,M,1994,Andijon,Qarshi,2026-02-11,9099000,yosh
C00010,Sultonov Elyor,M,1962,Farg'ona,Andijon,2019-08-04,5145000,standart
C00011,Xasanov Doston,M,1965,Xorazm,Toshkent,2019-07-26,6893000,standart
C00012,Nurmatov Bekzod,M,1974,Toshkent,Andijon,2026-02-12,3091000,standart
C00013,Ravshanov Davron,M,1985,Jizzax,Nukus,2020-09-30,2660000,standart
C00014,Xasanov Charos,F,1972,Farg'ona,Farg'ona,2022-03-07,12453000,standart
C00015,Rahimov Umid,M,1988,Samarqand,Namangan,2023-06-12,3188000,yosh
C00016,Ochilov Dilnoza,F,1989,Buxoro,Samarqand,2020-10-22,1730000,standart
C00017,Ergashev Farrux,M,1974,Xorazm,Nukus,2020-07-25,4535000,yosh
C00018,Ergashev Sardor,M,1970,Sirdaryo,Qarshi,2021-12-27,4091000,standart
C00019,Yusupov Anvar,M,1961,Buxoro,Samarqand,2019-05-08,12079000,yosh
C00020,Sattorov Feruza,F,1989,Namangan,Nukus,2025-05-09,3787000,standart
C00021,G'ulomov Ulugbek,M,2003,Toshkent,Toshkent,2019-09-20,2509000,standart
C00022,Sultonov Lola,F,1968,Toshkent,Andijon,2020-09-29,2965000,standart
C00023,Xolmatov Nodir,M,1997,Farg'ona,Andijon,2020-03-19,2743000,standart
C00024,Normatov Shahzoda,F,1982,Samarqand,Buxoro,2024-02-08,1795000,yosh
C00025,Muhammadiyev Oybek,M,2004,Navoiy,Andijon,2026-01-29,4533000,yosh
C00026,Tursunov Ulugbek,M,1961,Xorazm,Buxoro,2025-01-03,1981000,standart
C00027,Karimov Gulnora,F,1994,Samarqand,Buxoro,2026-02-22,6966000,standart
C00028,Mirzayev Bekzod,M,1987,Buxoro,Toshkent,2021-04-23,2479000,standart
C00029,Qodirov Rustam,M,1977,Namangan,Nukus,2022-06-27,4367000,standart
C00030,Qurbonov Shahzoda,F,1973,Jizzax,Farg'ona,2024-01-01,5471000,standart
C00031,Tursunov Dildora,F,1970,Qoraqalpog'iston,Samarqand,2026-02-14,4540000,standart
C00032,Aliyev Shohruh,M,1960,Buxoro,Qarshi,2023-03-31,2884000,standart
C00033,Saidov Umid,M,1999,Samarqand,Nukus,2024-03-28,3637000,standart
C00034,Nurmatov Sardor,M,1986,Samarqand,Namangan,2019-07-07,1778000,standart
C00035,Egamberdiyev Lola,F,1995,Namangan,Namangan,2019-11-30,6636000,standart
C00036,Xudoyberdiyev Elyor,M,1961,Buxoro,Farg'ona,2020-05-08,4739000,standart
C00037,Qodirov Feruza,F,1997,Surxondaryo,Toshkent,2025-03-24,4745000,yosh
C00038,Nurmatov Nodir,M,1981,Farg'ona,Buxoro,2021-04-15,4907000,standart
C00039,Mirzayev Mohira,F,2005,Qoraqalpog'iston,Buxoro,2020-07-25,4930000,standart
C00040,Qodirov Sabina,F,1973,Samarqand,Buxoro,2019-10-20,2372000,yosh
C00041,Sultonov Aziza,F,1999,Xorazm,Qarshi,2024-08-23,14327000,standart
C00042,Mirzayev Malika,F,1961,Xorazm,Andijon,2020-09-19,2975000,standart
C00043,Sultonov Otabek,M,2006,Toshkent,Farg'ona,2024-09-27,4714000,standart
C00044,Toshmatov Malika,F,1962,Farg'ona,Samarqand,2026-02-10,5257000,standart
C00045,Qodirov Sanjar,M,2004,Qashqadaryo,Samarqand,2022-09-21,4642000,standart
C00046,Normatov Madina,F,1982,Namangan,Toshkent,2022-05-08,4220000,standart
C00047,Muhammadiyev Nozima,F,1978,Namangan,Farg'ona,2025-03-24,1898000,standart
C00048,Xudoyberdiyev Nodir,M,1984,Jizzax,Toshkent,2022-12-04,10616000,standart
C00049,Karimov Otabek,M,1961,Qashqadaryo,Buxoro,2021-08-21,4935000,standart
C00050,Umarov Shahzoda,F,1981,Farg'ona,Toshkent,2023-02-15,3154000,standart
C00051,Karimov Anvar,M,1988,Samarqand,Nukus,2020-06-02,1464000,standart
C00052,Rahimov Elyor,M,1989,Xorazm,Farg'ona,2020-03-11,2301000,standart
C00053,Umarov Nilufar,F,1968,Andijon,Namangan,2019-08-12,3561000,yosh
C00054,Rahimov Bobur,M,1964,Jizzax,Buxoro,2020-09-04,4420000,yosh
C00055,Abdullayev Alisher,M,1985,Samarqand,Samarqand,2023-09-30,3082000,yosh
C00056,Muhammadiyev Rustam,M,1977,Sirdaryo,Qarshi,2026-02-12,8457000,premium
C00057,Normatov Charos,F,2002,Samarqand,Qarshi,2023-10-07,4722000,standart
C00058,Saidov Charos,F,1965,Qoraqalpog'iston,Nukus,2020-08-20,5609000,standart
C00059,Yo'ldoshev Shohruh,M,1995,Xorazm,Toshkent,2025-07-23,6666000,standart
C00060,Musayev Javohir,M,1971,Buxoro,Nukus,2025-04-16,7400000,yosh
C00061,Jo'rayev Ulugbek,M,1973,Toshkent,Farg'ona,2021-08-29,5197000,standart
C00062,Sultonov Timur,M,1964,Xorazm,Farg'ona,2020-08-14,3137000,yosh
C00063,Ergashev Akmal,M,1967,Farg'ona,Buxoro,2024-08-26,6958000,standart
C00064,Ravshanov Akmal,M,1980,Navoiy,Toshkent,2020-06-06,2376000,premium
C00065,Sultonov Dildora,F,1962,Sirdaryo,Samarqand,2023-01-26,3345000,standart
C00066,Saidov Malika,F,1975,Farg'ona,Farg'ona,2019-10-20,2054000,standart
C00067,Qurbonov Zarina,F,1998,Buxoro,Toshkent,2021-08-06,2312000,premium
C00068,Nazarov Sardor,M,1994,Samarqand,Farg'ona,2025-06-27,3714000,standart
C00069,Egamberdiyev Lola,F,2001,Surxondaryo,Andijon,2025-07-17,9823000,premium
C00070,Musayev Oybek,M,1991,Qashqadaryo,Qarshi,2025-06-01,4151000,premium
C00071,Sattorov Bekzod,M,1963,Sirdaryo,Samarqand,2023-05-16,2377000,standart
C00072,Umarov Zafar,M,1979,Toshkent,Namangan,2023-01-15,4891000,standart
C00073,Umarov Nargiza,F,1997,Xorazm,Qarshi,2021-01-30,1549000,premium
C00074,Rahimov Dilnoza,F,1975,Namangan,Samarqand,2023-10-12,6348000,standart
C00075,Hamidov Sabina,F,1978,Namangan,Samarqand,2019-07-01,3643000,standart
C00076,Musayev Shahzoda,F,1964,Toshkent,Namangan,2021-04-14,2685000,standart
C00077,Normatov Kamola,F,1989,Andijon,Andijon,2019-05-22,6905000,standart
C00078,Qodirov Kamron,M,2005,Qashqadaryo,Toshkent,2022-10-16,3569000,standart
C00079,Xolmatov Akmal,M,1981,Sirdaryo,Toshkent,2024-11-04,1493000,standart
C00080,Karimov Diyor,M,1980,Qashqadaryo,Namangan,2021-09-01,7358000,standart
C00081,Qurbonov Doston,M,1979,Sirdaryo,Qarshi,2024-02-12,2232000,standart
C00082,Ismoilov Sabina,F,1975,Sirdaryo,Samarqand,2025-01-16,3288000,standart
C00083,Ergashev Sardor,M,2003,Navoiy,Qarshi,2019-11-24,3955000,premium
C00084,Yo'ldoshev Nodir,M,2000,Xorazm,Nukus,2020-11-23,5518000,standart
C00085,Karimov Zilola,F,1980,Samarqand,Farg'ona,2025-05-26,2305000,standart
C00086,Boboyev Oybek,M,1966,Navoiy,Toshkent,2022-10-14,1775000,standart
C00087,G'ulomov Behruz,M,1988,Namangan,Nukus,2021-10-25,5255000,premium
C00088,Sultonov Shahzoda,F,2005,Andijon,Namangan,2025-01-16,5846000,premium
C00089,Toshmatov Shuhrat,M,1986,Buxoro,Nukus,2024-02-07,3452000,standart
C00090,Raximov Diyor,M,1977,Farg'ona,Qarshi,2024-05-13,5246000,standart
C00091,Sharipov Nurbek,M,2004,Namangan,Farg'ona,2022-02-28,2522000,yosh
C00092,Hamidov Mirzo,M,1995,Jizzax,Andijon,2021-05-30,9982000,standart
C00093,Normatov Zilola,F,1994,Farg'ona,Buxoro,2024-04-15,9130000,standart
C00094,Raximov Davron,M,1985,Andijon,Nukus,2022-09-07,1462000,standart
C00095,Toshmatov Jasur,M,1961,Jizzax,Nukus,2024-09-19,3645000,standart
C00096,Qurbonov Sardor,M,1982,Surxondaryo,Namangan,2019-12-06,9553000,standart
C00097,Sharipov Dildora,F,1963,Andijon,Nukus,2023-06-22,7497000,standart
C00098,Normatov Mirzo,M,1962,Toshkent,Andijon,2022-07-11,4513000,standart
C00099,Sharipov Sevara,F,1984,Namangan,Andijon,2023-09-17,4474000,standart
C00100,Musayev Alisher,M,1998,Toshkent,Farg'ona,2020-09-20,8490000,standart
C00101,Musayev Malika,F,1982,Navoiy,Andijon,2025-06-15,2420000,premium
C00102,Xolmatov Davron,M,2003,Toshkent,Buxoro,2021-12-15,3938000,standart
C00103,Sultonov Sanjar,M,1961,Sirdaryo,Toshkent,2024-03-23,7513000,standart
C00104,Nurmatov Bekzod,M,1982,Farg'ona,Toshkent,2021-03-12,5595000,standart
C00105,Yusupov Sanjar,M,1968,Xorazm,Namangan,2021-10-27,6175000,standart
C00106,Jo'rayev Mirzo,M,1991,Sirdaryo,Samarqand,2021-11-28,4340000,standart
C00107,Saidov Madina,F,1999,Andijon,Buxoro,2024-02-13,6967000,standart
C00108,G'ulomov Kamron,M,1998,Andijon,Samarqand,2025-02-15,4109000,standart
C00109,Boboyev Doston,M,1961,Jizzax,Farg'ona,2019-06-13,5977000,standart
C00110,Karimov Gulnora,F,1965,Xorazm,Farg'ona,2021-04-25,3926000,standart
C00111,Nurmatov Shohruh,M,1974,Sirdaryo,Namangan,2023-01-27,2774000,standart
C00112,Tursunov Madina,F,1995,Samarqand,Buxoro,2021-01-01,2590000,standart
C00113,Egamberdiyev Davron,M,1999,Namangan,Qarshi,2024-04-07,7403000,standart
C00114,Ismoilov Elyor,M,1966,Samarqand,Namangan,2026-02-23,4077000,standart
C00115,Ochilov Aziza,F,2005,Sirdaryo,Namangan,2023-12-17,3096000,standart
C00116,Ismoilov Aziza,F,1982,Xorazm,Nukus,2023-08-24,5025000,premium
C00117,Sharipov Alisher,M,1973,Toshkent,Buxoro,2020-03-11,3951000,yosh
C00118,Yo'ldoshev Shahzoda,F,2001,Xorazm,Farg'ona,2020-04-18,2168000,standart
C00119,Tursunov Elyor,M,1999,Samarqand,Andijon,2022-06-16,5166000,standart
C00120,Nurmatov Javohir,M,1972,Navoiy,Andijon,2023-10-09,4675000,premium
C00121,Hamidov Feruza,F,1961,Jizzax,Samarqand,2019-05-13,5355000,yosh
C00122,Sultonov Lola,F,1976,Samarqand,Namangan,2019-08-11,5070000,standart
C00123,Karimov Dildora,F,1983,Surxondaryo,Toshkent,2019-06-21,5931000,standart
C00124,Ismoilov Gulnora,F,1971,Samarqand,Qarshi,2021-05-01,3627000,standart
C00125,Tursunov Nilufar,F,1983,Andijon,Toshkent,2020-07-15,7947000,standart
C00126,Jo'rayev Kamron,M,1974,Namangan,Namangan,2026-02-01,1601000,standart
C00127,Ergashev Malika,F,1995,Farg'ona,Buxoro,2020-08-30,2033000,standart
C00128,Toshmatov Zilola,F,1987,Surxondaryo,Namangan,2021-12-13,3520000,standart
C00129,Sultonov Lola,F,1986,Samarqand,Nukus,2025-07-05,2935000,premium
C00130,Aliyev Malika,F,1989,Qashqadaryo,Buxoro,2026-01-21,6304000,yosh
C00131,Sharipov Charos,F,1997,Jizzax,Samarqand,2023-09-08,2633000,premium
C00132,Ergashev Aziz,M,1983,Xorazm,Farg'ona,2021-07-03,2407000,premium
C00133,Mirzayev Davron,M,1964,Navoiy,Toshkent,2020-05-24,704000,yosh
C00134,Ergashev Shahzoda,F,1993,Toshkent,Namangan,2023-04-23,3240000,standart
C00135,Umarov Nargiza,F,1962,Qashqadaryo,Andijon,2024-02-14,3444000,standart
C00136,Sultonov Otabek,M,1989,Surxondaryo,Qarshi,2021-01-10,4337000,standart
C00137,Yo'ldoshev Nurbek,M,1979,Namangan,Buxoro,2025-03-08,2944000,standart
C00138,G'ulomov Lola,F,2000,Toshkent,Farg'ona,2023-01-13,6712000,standart
C00139,Musayev Nargiza,F,1990,Xorazm,Qarshi,2023-11-11,9325000,yosh
C00140,Nurmatov Gulnora,F,1971,Toshkent,Toshkent,2024-05-17,4492000,standart
C00141,Boboyev Lola,F,2004,Sirdaryo,Nukus,2023-03-03,8690000,standart
C00142,G'ulomov Mohira,F,1978,Namangan,Qarshi,2020-06-25,4537000,standart
C00143,Karimov Zarina,F,1979,Qashqadaryo,Samarqand,2021-08-12,22380000,premium
C00144,Ismoilov Charos,F,1999,Navoiy,Qarshi,2021-09-20,4008000,standart
C00145,Sattorov Zilola,F,2002,Sirdaryo,Namangan,2019-07-31,5943000,premium
C00146,Bekmurodov Dilnoza,F,1978,Buxoro,Samarqand,2023-03-29,1087000,premium
C00147,Bekmurodov Nozima,F,1996,Navoiy,Toshkent,2021-03-18,7870000,standart
C00148,Sharipov Zafar,M,1981,Navoiy,Qarshi,2026-01-25,5726000,standart
C00149,Toshmatov Timur,M,1996,Farg'ona,Namangan,2020-07-02,3545000,standart
C00150,Mirzayev Nozima,F,1971,Toshkent,Andijon,2021-10-02,3024000,standart
C00151,Raximov Farrux,M,1976,Toshkent,Andijon,2024-09-23,4742000,standart
C00152,Egamberdiyev Mohira,F,1963,Sirdaryo,Buxoro,2024-01-23,2993000,standart
C00153,Ravshanov Mirzo,M,1987,Navoiy,Buxoro,2020-06-17,1542000,premium
C00154,Yo'ldoshev Muslima,F,1976,Qoraqalpog'iston,Nukus,2024-10-19,1557000,yosh
C00155,Rahimov Aziz,M,1992,Farg'ona,Nukus,2021-01-07,2165000,standart
C00156,Sattorov Akmal,M,1969,Navoiy,Andijon,2021-06-22,2619000,standart
C00157,Umarov Mirzo,M,1998,Sirdaryo,Namangan,2026-02-05,3904000,standart
C00158,Boboyev Zilola,F,1985,Samarqand,Buxoro,2026-01-27,17206000,standart
C00159,Raximov Elyor,M,1983,Navoiy,Qarshi,2023-07-10,1940000,standart
C00160,Egamberdiyev Sevara,F,1986,Samarqand,Farg'ona,2025-04-23,6891000,standart
C00161,Jo'rayev Timur,M,1983,Qashqadaryo,Nukus,2023-12-13,2007000,standart
C00162,Raximov Nurbek,M,1984,Buxoro,Toshkent,2021-12-02,1887000,standart
C00163,Xolmatov Zilola,F,1977,Surxondaryo,Buxoro,2020-01-25,4361000,standart
C00164,Xolmatov Davron,M,1981,Farg'ona,Namangan,2022-10-03,2486000,yosh
C00165,Xasanov Gulnora,F,1988,Namangan,Samarqand,2020-10-04,3230000,standart
C00166,Normatov Mirzo,M,1993,Andijon,Toshkent,2021-07-15,4115000,standart
C00167,Ismoilov Dilnoza,F,1997,Toshkent,Samarqand,2021-07-30,4306000,standart
C00168,Xudoyberdiyev Bobur,M,1987,Sirdaryo,Buxoro,2021-02-08,5288000,yosh
C00169,Nazarov Zafar,M,1971,Jizzax,Toshkent,2020-01-06,3822000,standart
C00170,Aliyev Kamola,F,1984,Samarqand,Samarqand,2019-06-09,9508000,standart
C00171,Hamidov Mirzo,M,2002,Surxondaryo,Buxoro,2025-04-30,1445000,standart
C00172,Qurbonov Akmal,M,1982,Sirdaryo,Toshkent,2026-02-14,4416000,standart
C00173,Raximov Sevara,F,1997,Qashqadaryo,Toshkent,2021-06-18,3098000,standart
C00174,Umarov Muslima,F,1979,Andijon,Namangan,2021-02-10,5159000,yosh
C00175,Sharipov Shuhrat,M,1982,Farg'ona,Andijon,2021-03-29,3908000,standart
C00176,Sattorov Shahzoda,F,1972,Namangan,Toshkent,2026-02-06,5520000,premium
C00177,Yusupov Alisher,M,1968,Qoraqalpog'iston,Namangan,2025-06-01,3264000,premium
C00178,Xasanov Farrux,M,1967,Navoiy,Farg'ona,2020-06-21,14154000,standart
C00179,Hamidov Mirzo,M,1975,Xorazm,Namangan,2021-12-09,2628000,standart
C00180,Umarov Javohir,M,1997,Qashqadaryo,Namangan,2023-03-19,5261000,standart
C00181,Normatov Sanjar,M,2004,Andijon,Buxoro,2024-02-22,3281000,premium
C00182,Karimov Aziza,F,1997,Navoiy,Buxoro,2023-12-27,3614000,premium
C00183,Ravshanov Lola,F,1980,Qashqadaryo,Nukus,2024-04-11,1824000,standart
C00184,Muhammadiyev Sevara,F,1988,Xorazm,Farg'ona,2022-07-08,3519000,standart
C00185,Yusupov Aziza,F,1995,Sirdaryo,Samarqand,2022-10-28,5181000,premium
C00186,Mirzayev Madina,F,1995,Qashqadaryo,Qarshi,2023-02-02,3359000,standart
C00187,Boboyev Madina,F,1989,Toshkent,Buxoro,2020-11-23,5681000,standart
C00188,Qurbonov Aziza,F,1980,Xorazm,Andijon,2021-01-04,5172000,standart
C00189,Egamberdiyev Behruz,M,1982,Surxondaryo,Andijon,2022-02-08,1712000,standart
C00190,Tursunov Dilnoza,F,1994,Buxoro,Nukus,2024-09-01,2500000,yosh
C00191,Tursunov Behruz,M,1977,Qoraqalpog'iston,Farg'ona,2022-03-20,2963000,premium
C00192,Umarov Zarina,F,1978,Farg'ona,Farg'ona,2020-03-08,3261000,standart
C00193,Ravshanov Otabek,M,1965,Sirdaryo,Namangan,2025-06-20,4663000,standart
C00194,Tursunov Kamola,F,1995,Jizzax,Nukus,2026-01-24,4733000,yosh
C00195,Musayev Charos,F,1990,Surxondaryo,Namangan,2022-08-23,6398000,premium
C00196,Muhammadiyev Muslima,F,1978,Namangan,Andijon,2019-12-19,7314000,yosh
C00197,Hamidov Anvar,M,1978,Navoiy,Namangan,2024-10-22,5734000,premium
C00198,Sultonov Otabek,M,2006,Surxondaryo,Namangan,2022-03-17,7862000,standart
C00199,Tursunov Nozima,F,1982,Qashqadaryo,Namangan,2019-08-29,6786000,standart
C00200,Xolmatov Islom,M,1983,Samarqand,Nukus,2023-12-24,4102000,premium
C00201,Sultonov Kamron,M,1981,Jizzax,Toshkent,2026-01-29,3289000,standart
C00202,Toshmatov Rustam,M,2004,Andijon,Toshkent,2020-03-08,7538000,yosh
C00203,Sharipov Lola,F,1962,Samarqand,Andijon,2020-09-17,2630000,premium
C00204,Yo'ldoshev Nilufar,F,1968,Namangan,Qarshi,2024-10-20,2116000,standart
C00205,Sattorov Rustam,M,1965,Namangan,Samarqand,2021-09-17,1098000,standart
C00206,Sultonov Bekzod,M,1997,Samarqand,Toshkent,2019-12-28,4830000,standart
C00207,Ochilov Nozima,F,1968,Sirdaryo,Qarshi,2021-08-25,2405000,standart
C00208,Sharipov Muslima,F,1984,Samarqand,Buxoro,2024-01-30,7972000,standart
C00209,Yo'ldoshev Timur,M,1968,Namangan,Nukus,2026-02-10,3246000,standart
C00210,Karimov Diyor,M,1969,Sirdaryo,Samarqand,2022-07-01,2853000,premium
C00211,Karimov Malika,F,1995,Navoiy,Buxoro,2020-04-26,2652000,standart
C00212,Boboyev Alisher,M,2006,Jizzax,Samarqand,2020-08-06,2939000,standart
C00213,Nazarov Mohira,F,1978,Farg'ona,Samarqand,2019-07-09,3732000,premium
C00214,Sattorov Aziza,F,1972,Sirdaryo,Nukus,2021-05-04,3863000,standart
C00215,Umarov Timur,M,1964,Qoraqalpog'iston,Samarqand,2021-03-13,2835000,standart
C00216,Mirzayev Zilola,F,1984,Navoiy,Andijon,2025-05-04,6120000,yosh
C00217,Xudoyberdiyev Sardor,M,2004,Surxondaryo,Qarshi,2024-07-01,953000,standart
C00218,Xudoyberdiyev Sardor,M,1964,Samarqand,Samarqand,2022-01-19,2159000,premium
C00219,Qodirov Shahzoda,F,1998,Qashqadaryo,Farg'ona,2021-09-22,9153000,standart
C00220,Normatov Madina,F,1998,Buxoro,Andijon,2022-12-06,7640000,standart
C00221,Saidov Sevara,F,2003,Farg'ona,Andijon,2020-03-03,3468000,premium
C00222,Sultonov Dildora,F,1969,Qashqadaryo,Qarshi,2023-05-13,5649000,standart
C00223,Mirzayev Nilufar,F,1971,Farg'ona,Nukus,2023-08-22,6764000,standart
C00224,Sattorov Timur,M,2006,Toshkent,Nukus,2022-12-31,2845000,standart
C00225,Muhammadiyev Shahzoda,F,1984,Qoraqalpog'iston,Andijon,2025-06-20,5367000,standart
C00226,Saidov Lola,F,1975,Samarqand,Samarqand,2021-06-02,4554000,standart
C00227,Bekmurodov Alisher,M,1963,Toshkent,Samarqand,2021-09-01,6405000,premium
C00228,Sultonov Malika,F,1997,Andijon,Buxoro,2024-08-13,4689000,standart
C00229,Ergashev Mirzo,M,2003,Qashqadaryo,Samarqand,2024-11-20,3014000,yosh
C00230,Egamberdiyev Sevara,F,1979,Surxondaryo,Toshkent,2022-11-26,2581000,yosh
C00231,Sharipov Zilola,F,1978,Qoraqalpog'iston,Qarshi,2023-08-30,2003000,standart
C00232,Umarov Bekzod,M,1963,Toshkent,Namangan,2022-01-05,2091000,standart
C00233,Saidov Lola,F,1966,Qashqadaryo,Namangan,2024-11-10,12227000,standart
C00234,Karimov Zarina,F,1992,Surxondaryo,Samarqand,2024-02-10,5814000,yosh
C00235,Musayev Kamola,F,1961,Navoiy,Farg'ona,2023-06-27,21735000,premium
C00236,Ergashev Shuhrat,M,1971,Farg'ona,Samarqand,2024-01-25,3531000,standart
C00237,Muhammadiyev Mirzo,M,1997,Namangan,Farg'ona,2020-06-28,3688000,standart
C00238,Abdullayev Dildora,F,1974,Namangan,Toshkent,2023-12-17,2156000,standart
C00239,Xudoyberdiyev Akmal,M,1972,Samarqand,Samarqand,2021-02-01,5028000,standart
C00240,Saidov Shahzoda,F,2000,Farg'ona,Toshkent,2019-10-29,6859000,yosh
C00241,Sultonov Sabina,F,1990,Toshkent,Toshkent,2023-10-10,10490000,standart
C00242,Qurbonov Diyor,M,1986,Xorazm,Qarshi,2026-02-20,6134000,standart
C00243,Mirzayev Muslima,F,1994,Sirdaryo,Toshkent,2021-01-12,3389000,standart
C00244,Ravshanov Dildora,F,1980,Jizzax,Samarqand,2024-08-05,2456000,standart
C00245,Egamberdiyev Sardor,M,1977,Qashqadaryo,Farg'ona,2023-02-26,2087000,standart
C00246,Abdullayev Behruz,M,2000,Farg'ona,Qarshi,2021-05-29,4154000,standart
C00247,Nurmatov Rustam,M,1968,Navoiy,Nukus,2023-07-16,5364000,standart
C00248,Qurbonov Aziz,M,1982,Toshkent,Farg'ona,2024-05-24,2910000,standart
C00249,Yusupov Nozima,F,1966,Samarqand,Toshkent,2025-05-16,6175000,standart
C00250,Jo'rayev Mohira,F,1969,Sirdaryo,Buxoro,2021-09-24,5851000,standart
C00251,Umarov Nargiza,F,1986,Surxondaryo,Qarshi,2021-03-18,2872000,standart
C00252,Normatov Dilnoza,F,1996,Xorazm,Nukus,2021-03-14,3056000,standart
C00253,Qurbonov Nodir,M,2002,Buxoro,Nukus,2026-01-20,4223000,standart
C00254,Qurbonov Madina,F,1984,Jizzax,Buxoro,2024-07-05,2483000,standart
C00255,Xudoyberdiyev Gulnora,F,1992,Buxoro,Namangan,2026-01-24,1775000,standart
C00256,Toshmatov Madina,F,1991,Qashqadaryo,Buxoro,2021-05-25,1398000,yosh
C00257,Mirzayev Zafar,M,1981,Samarqand,Qarshi,2019-09-14,6344000,premium
C00258,Hamidov Zilola,F,2000,Surxondaryo,Namangan,2021-12-11,2815000,premium
C00259,Yusupov Nozima,F,1960,Samarqand,Namangan,2022-04-29,2797000,standart
C00260,Qodirov Timur,M,1975,Buxoro,Namangan,2020-04-23,7146000,standart
C00261,Egamberdiyev Timur,M,1981,Samarqand,Farg'ona,2025-01-16,11410000,standart
C00262,Sultonov Shohruh,M,1980,Namangan,Farg'ona,2025-05-21,3361000,yosh
C00263,Jo'rayev Diyor,M,1993,Farg'ona,Samarqand,2023-08-20,1998000,standart
C00264,Sharipov Davron,M,1979,Surxondaryo,Namangan,2020-08-04,3010000,yosh
C00265,Raximov Sevara,F,1992,Sirdaryo,Buxoro,2024-03-11,17620000,standart
C00266,Hamidov Lola,F,1980,Andijon,Buxoro,2026-02-08,8447000,standart
C00267,Tursunov Anvar,M,2000,Surxondaryo,Namangan,2024-10-23,7498000,premium
C00268,Tursunov Bekzod,M,1994,Toshkent,Samarqand,2024-08-27,10457000,standart
C00269,Aliyev Anvar,M,1984,Toshkent,Nukus,2026-02-24,10897000,standart
C00270,Jo'rayev Sanjar,M,2000,Qashqadaryo,Namangan,2019-11-22,5352000,standart
C00271,Bekmurodov Lola,F,1983,Samarqand,Buxoro,2022-06-03,4879000,standart
C00272,Muhammadiyev Javohir,M,1964,Andijon,Farg'ona,2026-02-03,4608000,standart
C00273,Mirzayev Islom,M,1980,Andijon,Qarshi,2020-02-08,5041000,standart
C00274,Toshmatov Elyor,M,1971,Navoiy,Samarqand,2021-06-23,3837000,standart
C00275,Qurbonov Zilola,F,1969,Surxondaryo,Namangan,2020-03-07,2987000,standart
C00276,Xasanov Aziz,M,1984,Buxoro,Nukus,2020-03-18,4723000,premium
C00277,Ergashev Malika,F,1966,Samarqand,Farg'ona,2020-03-04,3696000,standart
C00278,Qodirov Farrux,M,1971,Jizzax,Andijon,2020-10-11,5406000,standart
C00279,Raximov Oybek,M,1973,Toshkent,Toshkent,2022-05-29,6564000,standart
C00280,Ergashev Nodir,M,1966,Surxondaryo,Qarshi,2025-07-22,2860000,standart
C00281,Bekmurodov Dildora,F,1970,Samarqand,Andijon,2023-07-04,6127000,standart
C00282,Umarov Sardor,M,2006,Buxoro,Namangan,2022-04-03,3178000,standart
C00283,Qodirov Anvar,M,1988,Samarqand,Nukus,2024-10-13,2366000,standart
C00284,Nazarov Diyor,M,1995,Qoraqalpog'iston,Andijon,2022-03-31,7431000,standart
C00285,Sharipov Oybek,M,1981,Xorazm,Andijon,2021-05-28,4467000,standart
C00286,Qodirov Aziz,M,1979,Samarqand,Qarshi,2022-10-21,2735000,standart
C00287,Bekmurodov Nargiza,F,2004,Sirdaryo,Farg'ona,2021-07-04,9308000,yosh
C00288,Abdullayev Aziza,F,1962,Qoraqalpog'iston,Andijon,2026-01-29,882000,yosh
C00289,G'ulomov Umid,M,2005,Sirdaryo,Farg'ona,2022-03-27,4941000,standart
C00290,Xolmatov Bekzod,M,1972,Navoiy,Andijon,2019-12-10,3939000,premium
C00291,Xudoyberdiyev Madina,F,2002,Xorazm,Farg'ona,2020-04-28,3080000,standart
C00292,Musayev Madina,F,1968,Toshkent,Buxoro,2022-07-01,10595000,yosh
C00293,Mirzayev Aziz,M,1982,Samarqand,Nukus,2023-08-24,5103000,standart
C00294,Umarov Madina,F,1986,Toshkent,Andijon,2023-02-07,3078000,standart
C00295,Nurmatov Farrux,M,1990,Jizzax,Andijon,2020-08-11,8296000,yosh
C00296,Tursunov Malika,F,1986,Surxondaryo,Toshkent,2024-08-04,6707000,yosh
C00297,Yusupov Islom,M,1989,Samarqand,Toshkent,2019-08-05,2506000,yosh
C00298,Yusupov Otabek,M,1970,Andijon,Buxoro,2023-07-01,2235000,standart
C00299,Umarov Sabina,F,1967,Toshkent,Toshkent,2024-02-04,5386000,standart
C00300,Normatov Shahzoda,F,1997,Qoraqalpog'iston,Andijon,2023-10-15,10864000,premium
C00301,Tursunov Mohira,F,1967,Qoraqalpog'iston,Namangan,2021-01-29,2989000,standart
C00302,Sultonov Kamola,F,1971,Namangan,Samarqand,2019-05-19,2722000,standart
C00303,Normatov Lola,F,1981,Farg'ona,Farg'ona,2024-05-01,8637000,standart
C00304,Egamberdiyev Javohir,M,2005,Qoraqalpog'iston,Toshkent,2019-10-28,7457000,standart
C00305,Sattorov Charos,F,1968,Navoiy,Namangan,2023-05-17,4525000,standart
C00306,Umarov Feruza,F,1978,Andijon,Andijon,2025-04-01,3396000,premium
C00307,Ismoilov Mohira,F,1982,Jizzax,Buxoro,2020-09-18,6482000,standart
C00308,Nazarov Zilola,F,1970,Jizzax,Samarqand,2026-01-24,3409000,yosh
C00309,Nurmatov Anvar,M,1985,Farg'ona,Andijon,2021-03-04,3734000,standart
C00310,Ergashev Mirzo,M,1993,Toshkent,Farg'ona,2026-02-24,2463000,standart
C00311,Ismoilov Farrux,M,1973,Farg'ona,Buxoro,2020-04-01,3549000,premium
C00312,Ismoilov Zilola,F,1992,Toshkent,Namangan,2025-05-03,4822000,standart
C00313,Rahimov Bekzod,M,1971,Farg'ona,Farg'ona,2024-10-10,3505000,standart
C00314,Hamidov Lola,F,1982,Farg'ona,Buxoro,2021-07-01,8370000,yosh
C00315,Ravshanov Ulugbek,M,1989,Samarqand,Andijon,2020-06-14,5519000,standart
C00316,Ergashev Aziza,F,1989,Sirdaryo,Namangan,2021-03-16,4323000,standart
C00317,Musayev Alisher,M,1987,Namangan,Namangan,2025-04-05,1513000,standart
C00318,Nazarov Nargiza,F,1982,Jizzax,Nukus,2021-08-24,2277000,standart
C00319,Muhammadiyev Alisher,M,1999,Qoraqalpog'iston,Toshkent,2019-11-20,5103000,standart
C00320,Rahimov Mohira,F,1987,Surxondaryo,Andijon,2022-02-05,5157000,standart
C00321,Ochilov Zafar,M,1960,Buxoro,Andijon,2021-01-15,6432000,standart
C00322,Muhammadiyev Malika,F,1987,Navoiy,Qarshi,2021-02-25,7804000,standart
C00323,Hamidov Kamola,F,1977,Xorazm,Samarqand,2021-09-07,5300000,standart
C00324,Boboyev Charos,F,1998,Xorazm,Buxoro,2024-02-24,4636000,standart
C00325,Bekmurodov Anvar,M,1971,Namangan,Namangan,2021-02-10,1947000,premium
C00326,Sattorov Kamron,M,1961,Qoraqalpog'iston,Namangan,2019-12-22,9933000,yosh
C00327,G'ulomov Kamron,M,1999,Samarqand,Samarqand,2020-02-17,3143000,premium
C00328,Egamberdiyev Mohira,F,2003,Qashqadaryo,Toshkent,2025-07-27,4614000,premium
C00329,Sharipov Mohira,F,2002,Surxondaryo,Namangan,2022-03-01,1477000,premium
C00330,Sultonov Behruz,M,2004,Navoiy,Namangan,2019-11-13,2340000,standart
C00331,Boboyev Behruz,M,1977,Andijon,Namangan,2024-08-20,2093000,premium
C00332,Nurmatov Nozima,F,1966,Navoiy,Farg'ona,2023-07-25,7680000,premium
C00333,Yo'ldoshev Dilnoza,F,1992,Samarqand,Nukus,2023-04-02,2707000,yosh
C00334,Toshmatov Behruz,M,1974,Samarqand,Namangan,2019-07-11,8061000,premium
C00335,Ravshanov Kamron,M,1982,Navoiy,Nukus,2022-09-20,3332000,standart
C00336,Sharipov Kamron,M,1981,Toshkent,Toshkent,2025-06-06,3005000,standart
C00337,Qurbonov Bobur,M,1969,Namangan,Qarshi,2024-11-28,1738000,standart
C00338,Yusupov Ulugbek,M,1967,Qashqadaryo,Samarqand,2020-08-03,1528000,premium
C00339,Yo'ldoshev Bekzod,M,1972,Qoraqalpog'iston,Buxoro,2024-12-08,1839000,standart
C00340,Toshmatov Dildora,F,1999,Qoraqalpog'iston,Buxoro,2025-01-31,3647000,premium
C00341,Musayev Malika,F,2005,Andijon,Namangan,2020-08-21,6770000,standart
C00342,Normatov Sanjar,M,1997,Sirdaryo,Farg'ona,2022-08-13,2827000,standart
C00343,Ravshanov Mirzo,M,1963,Navoiy,Farg'ona,2025-07-05,1869000,standart
C00344,Nazarov Mirzo,M,1976,Surxondaryo,Qarshi,2023-03-25,7162000,premium
C00345,Sultonov Alisher,M,1981,Sirdaryo,Samarqand,2023-05-20,4175000,premium
C00346,Hamidov Mirzo,M,1999,Jizzax,Farg'ona,2023-07-31,2289000,yosh
C00347,Sattorov Dildora,F,1993,Farg'ona,Toshkent,2019-10-12,2805000,yosh
C00348,Raximov Dilnoza,F,1966,Qashqadaryo,Nukus,2020-06-29,3311000,standart
C00349,Qurbonov Charos,F,1980,Navoiy,Qarshi,2024-01-06,4232000,yosh
C00350,Yusupov Dilnoza,F,1963,Qashqadaryo,Buxoro,2025-03-05,4176000,standart
C00351,Umarov Zilola,F,1975,Xorazm,Toshkent,2021-05-12,3429000,standart
C00352,Sattorov Zafar,M,1994,Jizzax,Namangan,2025-03-30,1334000,standart
C00353,Normatov Sabina,F,1990,Namangan,Qarshi,2019-07-31,3502000,standart
C00354,Tursunov Alisher,M,1971,Xorazm,Namangan,2022-08-20,3308000,standart
C00355,Ochilov Bobur,M,2003,Farg'ona,Samarqand,2021-08-03,4240000,standart
C00356,Boboyev Umid,M,1983,Navoiy,Farg'ona,2024-09-23,3569000,standart
C00357,Ochilov Ulugbek,M,1972,Navoiy,Qarshi,2025-02-22,7147000,standart
C00358,Toshmatov Madina,F,1997,Toshkent,Farg'ona,2022-06-04,3363000,yosh
C00359,Ergashev Timur,M,1997,Buxoro,Buxoro,2025-08-06,3225000,standart
C00360,Yo'ldoshev Timur,M,1969,Toshkent,Buxoro,2022-06-04,2830000,premium
C00361,Xasanov Oybek,M,1995,Xorazm,Buxoro,2023-10-20,7632000,standart
C00362,Xudoyberdiyev Islom,M,1964,Farg'ona,Toshkent,2025-06-11,5566000,yosh
C00363,Tursunov Alisher,M,1989,Navoiy,Samarqand,2020-03-31,2562000,premium
C00364,Yusupov Dildora,F,2001,Namangan,Samarqand,2024-06-13,6914000,yosh
C00365,Musayev Zafar,M,1994,Andijon,Farg'ona,2019-09-19,5777000,yosh
C00366,Saidov Mohira,F,1972,Toshkent,Farg'ona,2026-02-06,1799000,standart
C00367,Ergashev Malika,F,1987,Qoraqalpog'iston,Namangan,2019-11-04,3128000,standart
C00368,Ergashev Bekzod,M,1978,Andijon,Toshkent,2020-06-10,4519000,standart
C00369,Saidov Gulnora,F,1986,Navoiy,Nukus,2024-11-15,5774000,standart
C00370,Saidov Lola,F,1986,Xorazm,Namangan,2024-02-24,2590000,standart
C00371,Hamidov Kamron,M,1978,Toshkent,Samarqand,2025-07-28,2596000,standart
C00372,Qodirov Aziza,F,2001,Farg'ona,Andijon,2024-01-11,2803000,premium
C00373,Sultonov Malika,F,1974,Buxoro,Buxoro,2026-01-28,1667000,standart
C00374,Ismoilov Bekzod,M,1988,Toshkent,Samarqand,2021-08-03,2166000,standart
C00375,Ismoilov Sevara,F,1982,Jizzax,Toshkent,2020-12-06,1676000,standart
C00376,Nurmatov Doston,M,1973,Farg'ona,Andijon,2024-05-01,4565000,standart
C00377,Ochilov Zarina,F,2005,Jizzax,Buxoro,2021-11-30,4029000,yosh
C00378,Ergashev Anvar,M,1997,Sirdaryo,Farg'ona,2024-04-23,6284000,standart
C00379,Toshmatov Sanjar,M,2005,Qashqadaryo,Nukus,2022-07-28,1428000,yosh
C00380,Xolmatov Sanjar,M,1967,Jizzax,Qarshi,2020-01-30,2425000,standart
C00381,Sattorov Mirzo,M,1985,Navoiy,Samarqand,2024-09-19,5346000,standart
C00382,Nurmatov Shuhrat,M,1970,Jizzax,Buxoro,2025-03-11,3565000,standart
C00383,Ochilov Shuhrat,M,1963,Qashqadaryo,Buxoro,2023-06-10,3837000,standart
C00384,Normatov Davron,M,1960,Qoraqalpog'iston,Nukus,2019-06-20,1545000,standart
C00385,Sattorov Lola,F,1971,Navoiy,Andijon,2019-08-02,4335000,standart
C00386,Saidov Davron,M,1967,Andijon,Farg'ona,2019-05-16,5493000,standart
C00387,Tursunov Islom,M,1978,Farg'ona,Namangan,2024-01-17,5758000,standart
C00388,Ravshanov Zilola,F,1986,Qashqadaryo,Farg'ona,2024-01-23,7402000,premium
C00389,Saidov Diyor,M,1987,Samarqand,Toshkent,2023-08-22,6258000,standart
C00390,Musayev Bekzod,M,1980,Xorazm,Toshkent,2023-11-18,2665000,standart
C00391,Bekmurodov Sardor,M,1980,Buxoro,Nukus,2019-05-22,2227000,yosh
C00392,Saidov Malika,F,1996,Qoraqalpog'iston,Farg'ona,2020-01-14,4148000,standart
C00393,Nurmatov Zilola,F,1971,Buxoro,Samarqand,2019-12-17,4172000,premium
C00394,Raximov Dilnoza,F,1982,Qoraqalpog'iston,Buxoro,2021-10-11,3781000,standart
C00395,Qodirov Diyor,M,1987,Farg'ona,Nukus,2021-03-31,4930000,standart
C00396,G'ulomov Davron,M,1989,Farg'ona,Nukus,2025-03-11,2256000,standart
C00397,Qodirov Dilnoza,F,1961,Farg'ona,Andijon,2019-06-09,4991000,standart
C00398,Aliyev Shohruh,M,2003,Qashqadaryo,Buxoro,2023-01-27,3276000,premium
C00399,Abdullayev Aziza,F,1965,Farg'ona,Nukus,2019-07-16,7733000,standart
C00400,Mirzayev Alisher,M,1964,Surxondaryo,Samarqand,2024-07-06,1987000,standart
C00401,Aliyev Zarina,F,1982,Farg'ona,Buxoro,2024-06-25,3929000,standart
C00402,Qodirov Timur,M,1983,Toshkent,Farg'ona,2020-08-17,5000000,standart
C00403,Xolmatov Nozima,F,2000,Navoiy,Qarshi,2024-08-17,2370000,standart
C00404,Sharipov Mirzo,M,1978,Farg'ona,Qarshi,2020-05-01,10097000,standart
C00405,Egamberdiyev Aziz,M,2001,Qoraqalpog'iston,Nukus,2022-08-15,1796000,yosh
C00406,Sattorov Malika,F,1985,Farg'ona,Samarqand,2025-01-08,6233000,yosh
C00407,Hamidov Sevara,F,1969,Jizzax,Nukus,2019-05-08,6769000,standart
C00408,Egamberdiyev Feruza,F,1980,Samarqand,Qarshi,2023-04-02,1799000,standart
C00409,Ravshanov Sanjar,M,1996,Toshkent,Toshkent,2022-09-11,13667000,standart
C00410,Nazarov Nodir,M,2001,Namangan,Samarqand,2024-10-23,12310000,standart
C00411,Ergashev Zarina,F,1968,Toshkent,Nukus,2023-05-29,1779000,standart
C00412,Toshmatov Otabek,M,2006,Jizzax,Samarqand,2021-02-11,6351000,yosh
C00413,Normatov Shahzoda,F,1983,Farg'ona,Nukus,2025-04-24,7111000,standart
C00414,Hamidov Ulugbek,M,2005,Andijon,Buxoro,2024-02-22,4485000,standart
C00415,Xasanov Sanjar,M,1995,Andijon,Samarqand,2026-02-16,4843000,standart
C00416,Yo'ldoshev Shahzoda,F,1995,Namangan,Qarshi,2023-11-03,1666000,yosh
C00417,Yusupov Kamola,F,1966,Sirdaryo,Samarqand,2020-04-18,3311000,standart
C00418,Sharipov Doston,M,1967,Xorazm,Buxoro,2026-01-24,4020000,standart
C00419,Xudoyberdiyev Nozima,F,1988,Navoiy,Toshkent,2020-02-13,7766000,standart
C00420,Toshmatov Timur,M,1971,Surxondaryo,Buxoro,2019-10-30,3621000,standart
C00421,Sultonov Doston,M,1973,Qashqadaryo,Namangan,2021-02-16,3395000,premium
C00422,Raximov Sevara,F,1991,Surxondaryo,Qarshi,2019-06-01,3824000,standart
C00423,Umarov Oybek,M,1988,Samarqand,Toshkent,2023-09-03,5544000,premium
C00424,Abdullayev Feruza,F,1987,Andijon,Qarshi,2023-02-20,2998000,premium
C00425,Nazarov Nargiza,F,1989,Farg'ona,Samarqand,2023-10-12,6179000,premium
C00426,Egamberdiyev Bobur,M,1985,Surxondaryo,Samarqand,2024-10-07,4027000,standart
C00427,Ravshanov Zafar,M,1976,Xorazm,Namangan,2020-05-15,5188000,standart
C00428,Abdullayev Alisher,M,1973,Toshkent,Namangan,2022-09-25,3502000,yosh
C00429,Xasanov Davron,M,1998,Surxondaryo,Buxoro,2024-12-12,6511000,premium
C00430,Abdullayev Nodir,M,1998,Navoiy,Qarshi,2021-04-25,1448000,premium
C00431,Mirzayev Otabek,M,1981,Farg'ona,Qarshi,2020-08-22,13514000,standart
C00432,Ravshanov Gulnora,F,1989,Jizzax,Qarshi,2023-07-09,3977000,standart
C00433,Nazarov Muslima,F,1988,Toshkent,Buxoro,2024-07-24,4761000,premium
C00434,Karimov Davron,M,2003,Toshkent,Namangan,2023-07-29,16239000,premium
C00435,Sultonov Sanjar,M,1971,Xorazm,Toshkent,2021-04-25,4604000,standart
C00436,Nurmatov Otabek,M,1963,Sirdaryo,Farg'ona,2020-02-14,4883000,standart
C00437,Nazarov Sanjar,M,1992,Samarqand,Toshkent,2019-11-14,6318000,standart
C00438,Yusupov Anvar,M,1970,Farg'ona,Qarshi,2019-08-01,2008000,premium
C00439,Sharipov Charos,F,2001,Sirdaryo,Namangan,2020-12-28,4672000,standart
C00440,Abdullayev Farrux,M,1981,Andijon,Qarshi,2025-02-14,2986000,yosh
C00441,Qurbonov Javohir,M,1993,Samarqand,Qarshi,2023-10-12,2253000,premium
C00442,Ochilov Bobur,M,1981,Namangan,Toshkent,2026-01-20,4701000,standart
C00443,Nazarov Nilufar,F,1998,Qashqadaryo,Nukus,2024-01-24,5052000,standart
C00444,Ismoilov Malika,F,1982,Qashqadaryo,Namangan,2024-10-10,2173000,standart
C00445,Musayev Kamron,M,1999,Buxoro,Samarqand,2022-03-18,6914000,standart
C00446,Muhammadiyev Kamron,M,1962,Andijon,Andijon,2026-02-23,3449000,premium
C00447,Saidov Zilola,F,1972,Farg'ona,Buxoro,2020-09-19,4618000,standart
C00448,Rahimov Nozima,F,1965,Surxondaryo,Namangan,2022-03-11,1786000,premium
C00449,Nazarov Timur,M,1982,Toshkent,Namangan,2024-11-05,1905000,standart
C00450,Bekmurodov Diyor,M,1966,Surxondaryo,Buxoro,2026-02-18,7541000,standart
C00451,Qurbonov Shuhrat,M,1979,Andijon,Samarqand,2021-11-30,7113000,standart
C00452,Xasanov Nargiza,F,1993,Samarqand,Andijon,2020-07-08,2519000,premium
C00453,Saidov Madina,F,1972,Jizzax,Nukus,2024-03-18,2441000,standart
C00454,Yo'ldoshev Davron,M,1985,Xorazm,Samarqand,2024-09-08,1602000,premium
C00455,Karimov Shahzoda,F,1960,Navoiy,Andijon,2021-12-25,3424000,standart
C00456,Ergashev Zarina,F,1992,Namangan,Qarshi,2024-09-10,2559000,standart
C00457,Yusupov Behruz,M,1997,Samarqand,Buxoro,2024-11-27,4276000,standart
C00458,Saidov Aziza,F,1991,Xorazm,Buxoro,2023-02-10,5134000,premium
C00459,Saidov Nurbek,M,1985,Samarqand,Andijon,2024-12-18,5002000,standart
C00460,Ochilov Davron,M,1999,Navoiy,Farg'ona,2026-01-20,2722000,yosh
C00461,Jo'rayev Zarina,F,1998,Qashqadaryo,Toshkent,2019-07-09,6523000,standart
C00462,Hamidov Sardor,M,1980,Buxoro,Samarqand,2020-09-28,2072000,yosh
C00463,Nazarov Aziz,M,1969,Qoraqalpog'iston,Nukus,2021-09-11,6584000,premium
C00464,Yo'ldoshev Oybek,M,1966,Qoraqalpog'iston,Samarqand,2023-11-03,4423000,standart
C00465,Boboyev Feruza,F,2000,Jizzax,Toshkent,2023-04-15,3941000,yosh
C00466,Muhammadiyev Umid,M,1976,Samarqand,Toshkent,2019-09-02,7274000,yosh
C00467,Ergashev Doston,M,1991,Xorazm,Toshkent,2023-08-14,4260000,standart
C00468,Muhammadiyev Doston,M,2003,Andijon,Farg'ona,2019-11-07,8270000,standart
C00469,Xasanov Otabek,M,2001,Buxoro,Nukus,2019-12-25,5881000,premium
C00470,Musayev Dilnoza,F,1974,Navoiy,Andijon,2021-07-20,2845000,premium
C00471,Muhammadiyev Nurbek,M,1987,Namangan,Namangan,2020-07-13,8054000,standart
C00472,Egamberdiyev Gulnora,F,2000,Qashqadaryo,Buxoro,2022-08-06,1285000,standart
C00473,G'ulomov Sardor,M,1988,Sirdaryo,Samarqand,2019-10-28,2424000,standart
C00474,Egamberdiyev Anvar,M,2000,Andijon,Buxoro,2024-09-18,3331000,standart
C00475,Umarov Bekzod,M,1983,Buxoro,Namangan,2024-09-26,3384000,standart
C00476,Xudoyberdiyev Otabek,M,1962,Xorazm,Nukus,2023-04-03,5820000,standart
C00477,Ravshanov Sevara,F,1960,Xorazm,Farg'ona,2023-08-06,4696000,standart
C00478,Mirzayev Nargiza,F,1990,Andijon,Toshkent,2021-06-07,5276000,standart
C00479,Qodirov Farrux,M,2003,Farg'ona,Samarqand,2024-06-11,8526000,yosh
C00480,Qodirov Oybek,M,1998,Navoiy,Namangan,2021-10-25,5267000,standart
C00481,Nazarov Farrux,M,1980,Jizzax,Namangan,2023-04-24,2206000,standart
C00482,Yo'ldoshev Aziz,M,1970,Surxondaryo,Buxoro,2021-02-01,1975000,premium
C00483,Tursunov Farrux,M,1978,Farg'ona,Toshkent,2021-06-10,809000,standart
C00484,Abdullayev Madina,F,1993,Toshkent,Qarshi,2020-07-10,2465000,premium
C00485,Egamberdiyev Dilnoza,F,1990,Surxondaryo,Samarqand,2021-06-04,4678000,yosh
C00486,Yo'ldoshev Shuhrat,M,1982,Navoiy,Andijon,2019-12-24,9498000,standart
C00487,Ravshanov Nozima,F,1993,Surxondaryo,Samarqand,2021-12-13,3406000,standart
C00488,Sattorov Kamola,F,2003,Xorazm,Nukus,2025-05-10,4065000,standart
C00489,Yo'ldoshev Malika,F,1989,Samarqand,Andijon,2023-12-07,5477000,standart
C00490,Ochilov Zilola,F,2006,Surxondaryo,Toshkent,2022-01-23,6036000,yosh
C00491,Qurbonov Kamola,F,1963,Qoraqalpog'iston,Nukus,2025-01-14,2626000,premium
C00492,Ravshanov Nargiza,F,1962,Jizzax,Toshkent,2020-03-16,2231000,standart
C00493,Sattorov Kamola,F,2001,Jizzax,Samarqand,2021-01-26,3618000,yosh
C00494,Yo'ldoshev Nozima,F,1980,Jizzax,Samarqand,2021-10-28,3103000,standart
C00495,Nazarov Gulnora,F,1999,Namangan,Qarshi,2023-11-01,5111000,standart
C00496,Yusupov Muslima,F,1999,Qoraqalpog'iston,Farg'ona,2026-01-27,8404000,standart
C00497,Sultonov Shuhrat,M,1961,Buxoro,Andijon,2024-07-09,1525000,premium
C00498,Egamberdiyev Nozima,F,2004,Samarqand,Buxoro,2023-01-11,4146000,premium
C00499,Ergashev Nurbek,M,1996,Navoiy,Samarqand,2026-02-06,3246000,standart
C00500,Raximov Sabina,F,1973,Toshkent,Farg'ona,2020-08-30,3538000,standart
C00501,Muhammadiyev Sabina,F,1977,Xorazm,Andijon,2023-06-06,8157000,yosh
C00502,Ergashev Muslima,F,1984,Surxondaryo,Toshkent,2020-11-14,3603000,standart
C00503,Xudoyberdiyev Sardor,M,1961,Surxondaryo,Samarqand,2023-10-19,4491000,standart
C00504,Yo'ldoshev Sevara,F,1965,Samarqand,Samarqand,2019-12-03,3846000,yosh
C00505,Qodirov Mirzo,M,1971,Farg'ona,Samarqand,2019-06-01,12413000,standart
C00506,Qurbonov Akmal,M,1961,Farg'ona,Andijon,2020-03-14,8006000,standart
C00507,Bekmurodov Zilola,F,1967,Buxoro,Andijon,2024-12-04,5200000,standart
C00508,Mirzayev Behruz,M,1964,Qoraqalpog'iston,Buxoro,2020-11-06,2883000,standart
C00509,Sattorov Aziza,F,2005,Navoiy,Namangan,2020-10-13,3129000,premium
C00510,Yusupov Shohruh,M,1997,Farg'ona,Samarqand,2024-10-19,6360000,standart
C00511,Normatov Gulnora,F,1979,Surxondaryo,Farg'ona,2022-09-25,3779000,yosh
C00512,Toshmatov Sabina,F,1972,Andijon,Qarshi,2023-01-20,1837000,standart
C00513,Qurbonov Jasur,M,2005,Jizzax,Nukus,2020-11-04,9426000,standart
C00514,Muhammadiyev Shuhrat,M,1999,Toshkent,Buxoro,2020-01-19,3327000,standart
C00515,Musayev Sabina,F,1993,Andijon,Toshkent,2023-03-04,7674000,standart
C00516,Sattorov Sabina,F,1978,Xorazm,Toshkent,2023-10-25,2249000,standart
C00517,Xolmatov Rustam,M,1966,Farg'ona,Buxoro,2023-06-07,3096000,premium
C00518,Abdullayev Mohira,F,1985,Farg'ona,Qarshi,2024-07-31,4420000,standart
C00519,Qurbonov Kamron,M,1975,Qashqadaryo,Buxoro,2020-04-11,2340000,standart
C00520,Ravshanov Zarina,F,1991,Navoiy,Nukus,2019-12-04,1395000,standart
C00521,Tursunov Kamola,F,2006,Namangan,Qarshi,2026-02-08,1296000,standart
C00522,Egamberdiyev Aziza,F,2002,Surxondaryo,Namangan,2024-03-20,7185000,standart
C00523,Muhammadiyev Rustam,M,1992,Surxondaryo,Andijon,2023-05-09,1439000,standart
C00524,Tursunov Madina,F,1983,Namangan,Nukus,2020-12-14,2955000,yosh
C00525,Ravshanov Madina,F,1993,Qashqadaryo,Qarshi,2020-09-25,2665000,yosh
C00526,Aliyev Malika,F,1991,Navoiy,Nukus,2019-09-10,5288000,standart
C00527,Sultonov Mohira,F,1996,Xorazm,Andijon,2019-12-08,3865000,standart
C00528,Saidov Sardor,M,1970,Samarqand,Toshkent,2023-12-09,4555000,standart
C00529,Bekmurodov Otabek,M,1987,Qoraqalpog'iston,Farg'ona,2024-12-29,5459000,yosh
C00530,Aliyev Oybek,M,1968,Sirdaryo,Namangan,2021-03-14,4084000,standart
C00531,Mirzayev Kamron,M,1962,Sirdaryo,Qarshi,2021-11-11,4079000,standart
C00532,Saidov Elyor,M,1988,Namangan,Namangan,2020-05-14,7991000,standart
C00533,Xasanov Sevara,F,1963,Namangan,Qarshi,2019-07-19,3668000,standart
C00534,Ravshanov Zarina,F,1989,Sirdaryo,Samarqand,2024-01-26,5906000,standart
C00535,Xasanov Zilola,F,1974,Toshkent,Nukus,2022-06-11,13301000,standart
C00536,Xasanov Dildora,F,1985,Samarqand,Samarqand,2024-09-09,2979000,standart
C00537,G'ulomov Shahzoda,F,1965,Surxondaryo,Toshkent,2019-08-30,2595000,standart
C00538,Boboyev Dildora,F,1971,Qoraqalpog'iston,Andijon,2023-06-18,1461000,yosh
C00539,Xasanov Oybek,M,2006,Toshkent,Samarqand,2024-01-14,3304000,standart
C00540,Jo'rayev Zafar,M,2003,Sirdaryo,Namangan,2026-01-23,5513000,premium
