merchant_id,nomi,mcc,kategoriya,shahar,xavf_darajasi
M00001,BANKOMAT-0001,6011,Bankomat,Andijon,past
M00002,ELEKTRONIKA-0002,5732,Elektronika,Namangan,orta
M00003,OZIQ-OVQAT-0003,5411,Oziq-ovqat,Dubay,past
M00004,YOQILG'I-0004,5541,Yoqilg'i,Nukus,past
M00005,TRANSPORT-0005,4111,Transport,Namangan,past
M00006,MEHMONXONA-0006,7011,Mehmonxona,Istanbul,past
M00007,ALOQA-0007,4814,Aloqa,Buxoro,past
M00008,TRANSPORT-0008,4111,Transport,Toshkent,past
M00009,MEHMONXONA-0009,7011,Mehmonxona,Dubay,past
M00010,O'YIN/BET-0010,7995,O'yin/Bet,Namangan,past
M00011,OZIQ-OVQAT-0011,5411,Oziq-ovqat,Moskva,past
M00012,KIYIM-0012,5691,Kiyim,Qarshi,past
M00013,ELEKTRONIKA-0013,5732,Elektronika,Toshkent,past
M00014,ALOQA-0014,4814,Aloqa,Nukus,past
M00015,OZIQ-OVQAT-0015,5411,Oziq-ovqat,Moskva,past
M00016,DORIXONA-0016,5912,Dorixona,Nukus,past
M00017,ALOQA-0017,4814,Aloqa,Toshkent,orta
M00018,CHAKANA-0018,5999,Chakana,Buxoro,yuqori
M00019,O'YIN/BET-0019,7995,O'yin/Bet,Andijon,past
M00020,BANKOMAT-0020,6011,Bankomat,Kiyev,past
M00021,RESTORAN-0021,5812,Restoran,Andijon,past
M00022,BANKOMAT-0022,6011,Bankomat,Buxoro,past
M00023,KIYIM-0023,5691,Kiyim,Nukus,orta
M00024,ALOQA-0024,4814,Aloqa,Samarqand,past
M00025,OZIQ-OVQAT-0025,5411,Oziq-ovqat,Buxoro,past
M00026,MEHMONXONA-0026,7011,Mehmonxona,Buxoro,past
M00027,MEHMONXONA-0027,7011,Mehmonxona,Andijon,orta
M00028,RESTORAN-0028,5812,Restoran,Almati,past
M00029,RESTORAN-0029,5812,Restoran,Farg'ona,past
M00030,ALOQA-0030,4814,Aloqa,Andijon,past
M00031,RESTORAN-0031,5812,Restoran,Namangan,orta
M00032,KIYIM-0032,5691,Kiyim,Toshkent,past
M00033,BANKOMAT-0033,6011,Bankomat,Samarqand,past
M00034,O'YIN/BET-0034,7995,O'yin/Bet,Toshkent,orta
M00035,OZIQ-OVQAT-0035,5411,Oziq-ovqat,Toshkent,past
M00036,OZIQ-OVQAT-0036,5411,Oziq-ovqat,Dubay,past
M00037,TRANSPORT-0037,4111,Transport,Namangan,past
M00038,ELEKTRONIKA-0038,5732,Elektronika,Istanbul,past
M00039,CHAKANA-0039,5999,Chakana,Toshkent,past
M00040,KIYIM-0040,5691,Kiyim,Dubay,past
M00041,TRANSPORT-0041,4111,Transport,Namangan,orta
M00042,ELEKTRONIKA-0042,5732,Elektronika,Andijon,past
M00043,OZIQ-OVQAT-0043,5411,Oziq-ovqat,Farg'ona,past
M00044,ALOQA-0044,4814,Aloqa,Kiyev,past
M00045,YOQILG'I-0045,5541,Yoqilg'i,Kiyev,past
M00046,DORIXONA-0046,5912,Dorixona,Toshkent,past
M00047,ELEKTRONIKA-0047,5732,Elektronika,Dubay,past
M00048,O'YIN/BET-0048,7995,O'yin/Bet,Farg'ona,past
M00049,DORIXONA-0049,5912,Dorixona,Andijon,past
M00050,DORIXONA-0050,5912,Dorixona,Almati,orta
M00051,MEHMONXONA-0051,7011,Mehmonxona,Toshkent,orta
M00052,CHAKANA-0052,5999,Chakana,Toshkent,yuqori
M00053,KIYIM-0053,5691,Kiyim,Farg'ona,past
M00054,KIYIM-0054,5691,Kiyim,Namangan,yuqori
M00055,DORIXONA-0055,5912,Dorixona,Kiyev,orta
M00056,RESTORAN-0056,5812,Restoran,Toshkent,past
M00057,OZIQ-OVQAT-0057,5411,Oziq-ovqat,Dubay,past
M00058,O'YIN/BET-0058,7995,O'yin/Bet,Toshkent,past
M00059,MEHMONXONA-0059,7011,Mehmonxona,Buxoro,past
M00060,TRANSPORT-0060,4111,Transport,Toshkent,past
M00061,ELEKTRONIKA-0061,5732,Elektronika,Farg'ona,past
M00062,YOQILG'I-0062,5541,Yoqilg'i,Dubay,orta
M00063,ALOQA-0063,4814,Aloqa,Toshkent,past
M00064,RESTORAN-0064,5812,Restoran,Istanbul,past
M00065,KIYIM-0065,5691,Kiyim,Moskva,past
M00066,YOQILG'I-0066,5541,Yoqilg'i,Dubay,past
M00067,DORIXONA-0067,5912,Dorixona,Almati,orta
M00068,O'YIN/BET-0068,7995,O'yin/Bet,Istanbul,past
M00069,ELEKTRONIKA-0069,5732,Elektronika,Toshkent,past
M00070,DORIXONA-0070,5912,Dorixona,Istanbul,past
M00071,ALOQA-0071,4814,Aloqa,Namangan,past
M00072,RESTORAN-0072,5812,Restoran,Namangan,orta
M00073,DORIXONA-0073,5912,Dorixona,Buxoro,past
M00074,CHAKANA-0074,5999,Chakana,Andijon,past
M00075,BANKOMAT-0075,6011,Bankomat,Toshkent,past
M00076,ALOQA-0076,4814,Aloqa,Samarqand,past
M00077,TRANSPORT-0077,4111,Transport,Qarshi,past
M00078,BANKOMAT-0078,6011,Bankomat,Qarshi,orta
M00079,OZIQ-OVQAT-0079,5411,Oziq-ovqat,Istanbul,past
M00080,OZIQ-OVQAT-0080,5411,Oziq-ovqat,Dubay,past
M00081,ALOQA-0081,4814,Aloqa,Toshkent,yuqori
M00082,ALOQA-0082,4814,Aloqa,Andijon,orta
M00083,MEHMONXONA-0083,7011,Mehmonxona,Toshkent,past
M00084,BANKOMAT-0084,6011,Bankomat,Almati,past
M00085,OZIQ-OVQAT-0085,5411,Oziq-ovqat,Almati,past
M00086,TRANSPORT-0086,4111,Transport,Lagos,past
M00087,KIYIM-0087,5691,Kiyim,Moskva,past
M00088,OZIQ-OVQAT-0088,5411,Oziq-ovqat,Toshkent,orta
M00089,BANKOMAT-0089,6011,Bankomat,Istanbul,past
M00090,TRANSPORT-0090,4111,Transport,Qarshi,past
M00091,RESTORAN-0091,5812,Restoran,Toshkent,past
M00092,YOQILG'I-0092,5541,Yoqilg'i,Toshkent,past
M00093,YOQILG'I-0093,5541,Yoqilg'i,Toshkent,past
M00094,ALOQA-0094,4814,Aloqa,Namangan,past
M00095,ALOQA-0095,4814,Aloqa,Moskva,past
M00096,OZIQ-OVQAT-0096,5411,Oziq-ovqat,Kiyev,past
M00097,OZIQ-OVQAT-0097,5411,Oziq-ovqat,Toshkent,orta
M00098,OZIQ-OVQAT-0098,5411,Oziq-ovqat,Andijon,orta
M00099,DORIXONA-0099,5912,Dorixona,Kiyev,past
M00100,TRANSPORT-0100,4111,Transport,Toshkent,past
M00101,ELEKTRONIKA-0101,5732,Elektronika,Istanbul,past
M00102,OZIQ-OVQAT-0102,5411,Oziq-ovqat,Namangan,past
M00103,DORIXONA-0103,5912,Dorixona,Dubay,past
M00104,O'YIN/BET-0104,7995,O'yin/Bet,Farg'ona,past
M00105,YOQILG'I-0105,5541,Yoqilg'i,Toshkent,past
M00106,MEHMONXONA-0106,7011,Mehmonxona,Toshkent,past
M00107,CHAKANA-0107,5999,Chakana,Almati,past
M00108,ALOQA-0108,4814,Aloqa,Samarqand,past
M00109,ELEKTRONIKA-0109,5732,Elektronika,Istanbul,past
M00110,OZIQ-OVQAT-0110,5411,Oziq-ovqat,Kiyev,orta
M00111,KIYIM-0111,5691,Kiyim,Toshkent,past
M00112,RESTORAN-0112,5812,Restoran,Andijon,orta
M00113,DORIXONA-0113,5912,Dorixona,Lagos,yuqori
M00114,KIYIM-0114,5691,Kiyim,Andijon,yuqori
M00115,YOQILG'I-0115,5541,Yoqilg'i,Toshkent,past
M00116,CHAKANA-0116,5999,Chakana,Dubay,past
M00117,YOQILG'I-0117,5541,Yoqilg'i,Buxoro,past
M00118,ELEKTRONIKA-0118,5732,Elektronika,Toshkent,yuqori
M00119,ALOQA-0119,4814,Aloqa,Namangan,orta
M00120,ELEKTRONIKA-0120,5732,Elektronika,Moskva,past
M00121,BANKOMAT-0121,6011,Bankomat,Qarshi,past
M00122,YOQILG'I-0122,5541,Yoqilg'i,Kiyev,past
M00123,YOQILG'I-0123,5541,Yoqilg'i,Toshkent,past
M00124,MEHMONXONA-0124,7011,Mehmonxona,Lagos,past
M00125,KIYIM-0125,5691,Kiyim,Istanbul,past
M00126,OZIQ-OVQAT-0126,5411,Oziq-ovqat,Buxoro,past
M00127,OZIQ-OVQAT-0127,5411,Oziq-ovqat,Dubay,past
M00128,YOQILG'I-0128,5541,Yoqilg'i,Toshkent,past
M00129,DORIXONA-0129,5912,Dorixona,Andijon,orta
M00130,ALOQA-0130,4814,Aloqa,Istanbul,orta
M00131,DORIXONA-0131,5912,Dorixona,Toshkent,past
M00132,DORIXONA-0132,5912,Dorixona,Toshkent,past
M00133,ELEKTRONIKA-0133,5732,Elektronika,Toshkent,past
M00134,O'YIN/BET-0134,7995,O'yin/Bet,Farg'ona,past
M00135,MEHMONXONA-0135,7011,Mehmonxona,Samarqand,orta
M00136,TRANSPORT-0136,4111,Transport,Dubay,orta
M00137,TRANSPORT-0137,4111,Transport,Toshkent,past
M00138,BANKOMAT-0138,6011,Bankomat,Samarqand,past
M00139,ALOQA-0139,4814,Aloqa,Buxoro,orta
M00140,ALOQA-0140,4814,Aloqa,Samarqand,past
M00141,DORIXONA-0141,5912,Dorixona,Istanbul,past
M00142,KIYIM-0142,5691,Kiyim,Toshkent,past
M00143,YOQILG'I-0143,5541,Yoqilg'i,Toshkent,orta
M00144,YOQILG'I-0144,5541,Yoqilg'i,Nukus,past
M00145,O'YIN/BET-0145,7995,O'yin/Bet,Namangan,past
M00146,TRANSPORT-0146,4111,Transport,Samarqand,past
M00147,O'YIN/BET-0147,7995,O'yin/Bet,Almati,orta
M00148,ALOQA-0148,4814,Aloqa,Toshkent,past
M00149,YOQILG'I-0149,5541,Yoqilg'i,Toshkent,past
M00150,ELEKTRONIKA-0150,5732,Elektronika,Toshkent,orta
M00151,ELEKTRONIKA-0151,5732,Elektronika,Toshkent,orta
M00152,CHAKANA-0152,5999,Chakana,Toshkent,past
M00153,CHAKANA-0153,5999,Chakana,Almati,orta
M00154,O'YIN/BET-0154,7995,O'yin/Bet,Toshkent,orta
M00155,OZIQ-OVQAT-0155,5411,Oziq-ovqat,Toshkent,orta
M00156,DORIXONA-0156,5912,Dorixona,Nukus,past
M00157,MEHMONXONA-0157,7011,Mehmonxona,Dubay,yuqori
M00158,KIYIM-0158,5691,Kiyim,Toshkent,past
M00159,DORIXONA-0159,5912,Dorixona,Toshkent,past
M00160,ELEKTRONIKA-0160,5732,Elektronika,Toshkent,past
M00161,YOQILG'I-0161,5541,Yoqilg'i,Dubay,past
M00162,O'YIN/BET-0162,7995,O'yin/Bet,Dubay,past
M00163,YOQILG'I-0163,5541,Yoqilg'i,Buxoro,past
M00164,YOQILG'I-0164,5541,Yoqilg'i,Almati,orta
M00165,BANKOMAT-0165,6011,Bankomat,Samarqand,past
M00166,DORIXONA-0166,5912,Dorixona,Namangan,past
M00167,KIYIM-0167,5691,Kiyim,Toshkent,past
M00168,YOQILG'I-0168,5541,Yoqilg'i,Istanbul,past
M00169,ALOQA-0169,4814,Aloqa,Toshkent,past
M00170,RESTORAN-0170,5812,Restoran,Toshkent,past
M00171,KIYIM-0171,5691,Kiyim,Toshkent,past
M00172,ALOQA-0172,4814,Aloqa,Toshkent,orta
M00173,ALOQA-0173,4814,Aloqa,Istanbul,yuqori
M00174,TRANSPORT-0174,4111,Transport,Toshkent,orta
M00175,YOQILG'I-0175,5541,Yoqilg'i,Samarqand,yuqori
M00176,ELEKTRONIKA-0176,5732,Elektronika,Toshkent,past
M00177,OZIQ-OVQAT-0177,5411,Oziq-ovqat,Toshkent,past
M00178,OZIQ-OVQAT-0178,5411,Oziq-ovqat,Buxoro,past
M00179,MEHMONXONA-0179,7011,Mehmonxona,Toshkent,past
M00180,ALOQA-0180,4814,Aloqa,Toshkent,yuqori
M_P2P,P2P O'TKAZMA,6011,P2P,Toshkent,orta
